year,date,month,weekday,member_casual,rideable_type,ride_count,mean_duration_min,median_duration_min
2024,2024-01-01,1,1,casual,classic_bike,789,47.35447824250106,15.083333333333334
2024,2024-01-01,1,1,casual,electric_bike,901,15.064705882352941,9.783333333333333
2024,2024-01-01,1,1,member,classic_bike,1465,20.907531285551762,7.35
2024,2024-01-01,1,1,member,electric_bike,1726,11.978350714561607,7.966666666666667
2024,2024-01-02,1,2,casual,classic_bike,899,26.97814238042269,13.216666666666667
2024,2024-01-02,1,2,casual,electric_bike,1051,13.677925784966698,8.9
2024,2024-01-02,1,2,member,classic_bike,3003,11.150138750138751,7.8
2024,2024-01-02,1,2,member,electric_bike,2850,10.69974269005848,7.533333333333333
2024,2024-01-03,1,3,casual,classic_bike,1073,25.497965206585896,12.766666666666667
2024,2024-01-03,1,3,casual,electric_bike,1279,13.032942402918948,9.45
2024,2024-01-03,1,3,member,classic_bike,3602,14.438774754765872,8.066666666666666
2024,2024-01-03,1,3,member,electric_bike,3181,10.790506130147751,8.133333333333333
2024,2024-01-04,1,4,casual,classic_bike,864,20.31815200617284,11.058333333333334
2024,2024-01-04,1,4,casual,electric_bike,1195,12.17881450488145,9.066666666666666
2024,2024-01-04,1,4,member,classic_bike,3343,10.380950244291556,7.883333333333334
2024,2024-01-04,1,4,member,electric_bike,3068,10.868328987396783,8.066666666666666
2024,2024-01-05,1,5,casual,classic_bike,972,22.748834019204388,13.158333333333333
2024,2024-01-05,1,5,casual,electric_bike,1292,12.932727038183694,8.825
2024,2024-01-05,1,5,member,classic_bike,2954,11.169284585872264,7.983333333333333
2024,2024-01-05,1,5,member,electric_bike,3195,10.833437663015129,8.016666666666667
2024,2024-01-06,1,6,casual,classic_bike,302,31.933057395143486,10.733333333333334
2024,2024-01-06,1,6,casual,electric_bike,474,10.680731364275669,8.008333333333333
2024,2024-01-06,1,6,member,classic_bike,1023,10.314907135874877,7.016666666666667
2024,2024-01-06,1,6,member,electric_bike,1300,9.735269230769232,6.866666666666666
2024,2024-01-07,1,7,casual,classic_bike,1283,25.04993504806443,13.583333333333334
2024,2024-01-07,1,7,casual,electric_bike,1302,15.73685355862775,9.758333333333333
2024,2024-01-07,1,7,member,classic_bike,2933,12.374730082963975,8.066666666666666
2024,2024-01-07,1,7,member,electric_bike,2729,11.339880298033467,7.85
2024,2024-01-08,1,1,casual,classic_bike,1156,24.262846020761245,12.008333333333333
2024,2024-01-08,1,1,casual,electric_bike,1357,13.444829280275117,9.3
2024,2024-01-08,1,1,member,classic_bike,3818,13.267884581805482,8.35
2024,2024-01-08,1,1,member,electric_bike,3581,10.786544726798846,7.8
2024,2024-01-09,1,2,casual,classic_bike,218,14.886697247706422,8.15
2024,2024-01-09,1,2,casual,electric_bike,427,10.214910226385635,8.633333333333333
2024,2024-01-09,1,2,member,classic_bike,1254,12.48474215842637,8.1
2024,2024-01-09,1,2,member,electric_bike,1408,10.024124053030304,7.533333333333333
2024,2024-01-10,1,3,casual,classic_bike,1116,25.578569295101556,12.333333333333334
2024,2024-01-10,1,3,casual,electric_bike,1525,13.339726775956283,9.15
2024,2024-01-10,1,3,member,classic_bike,4110,12.477116788321167,8.9
2024,2024-01-10,1,3,member,electric_bike,3798,10.706599964893803,8.066666666666666
2024,2024-01-11,1,4,casual,classic_bike,1228,19.588422909880563,11.95
2024,2024-01-11,1,4,casual,electric_bike,1649,13.001930462906813,9.583333333333334
2024,2024-01-11,1,4,member,classic_bike,4158,12.787269520602853,8.65
2024,2024-01-11,1,4,member,electric_bike,4073,11.017763319420574,8.4
2024,2024-01-12,1,5,casual,classic_bike,1118,22.032498509242693,12.925
2024,2024-01-12,1,5,casual,electric_bike,1462,13.634849521203831,9.558333333333334
2024,2024-01-12,1,5,member,classic_bike,3413,12.264840316437153,8.366666666666667
2024,2024-01-12,1,5,member,electric_bike,3545,10.97841560883874,7.9
2024,2024-01-13,1,6,casual,classic_bike,1643,26.405203895313452,15.35
2024,2024-01-13,1,6,casual,electric_bike,1789,15.281367616918203,10.55
2024,2024-01-13,1,6,member,classic_bike,3012,12.08432381584772,8.441666666666666
2024,2024-01-13,1,6,member,electric_bike,3048,11.478094925634295,8.683333333333334
2024,2024-01-14,1,7,casual,classic_bike,920,25.727318840579713,13.266666666666667
2024,2024-01-14,1,7,casual,electric_bike,1205,13.128948824343015,9.283333333333333
2024,2024-01-14,1,7,member,classic_bike,2153,12.374578108066265,7.5
2024,2024-01-14,1,7,member,electric_bike,2489,10.871675371635193,7.516666666666667
2024,2024-01-15,1,1,casual,classic_bike,265,19.65125786163522,12.383333333333333
2024,2024-01-15,1,1,casual,electric_bike,358,12.528631284916202,9.058333333333334
2024,2024-01-15,1,1,member,classic_bike,1208,11.167756622516556,8.075
2024,2024-01-15,1,1,member,electric_bike,1202,12.052870216306156,8.541666666666668
2024,2024-01-16,1,2,casual,classic_bike,189,19.12583774250441,12.05
2024,2024-01-16,1,2,casual,electric_bike,349,11.826647564469914,9.0
2024,2024-01-16,1,2,member,classic_bike,1065,13.156744913928012,8.383333333333333
2024,2024-01-16,1,2,member,electric_bike,1175,11.308737588652482,8.1
2024,2024-01-17,1,3,casual,classic_bike,344,23.62950581395349,10.341666666666667
2024,2024-01-17,1,3,casual,electric_bike,629,11.021860095389506,8.7
2024,2024-01-17,1,3,member,classic_bike,2130,14.745931142410015,7.958333333333334
2024,2024-01-17,1,3,member,electric_bike,1981,11.000353356890459,8.1
2024,2024-01-18,1,4,casual,classic_bike,531,16.383364720652857,11.066666666666666
2024,2024-01-18,1,4,casual,electric_bike,965,11.438445595854922,8.916666666666666
2024,2024-01-18,1,4,member,classic_bike,2778,12.457667386609073,8.183333333333334
2024,2024-01-18,1,4,member,electric_bike,2661,11.388550670174121,8.383333333333333
2024,2024-01-19,1,5,casual,classic_bike,180,20.237222222222222,9.966666666666667
2024,2024-01-19,1,5,casual,electric_bike,352,12.523626893939394,8.625
2024,2024-01-19,1,5,member,classic_bike,944,12.8027895480226,9.125
2024,2024-01-19,1,5,member,electric_bike,1102,12.58983666061706,8.616666666666667
2024,2024-01-20,1,6,casual,classic_bike,337,16.394460929772503,10.333333333333334
2024,2024-01-20,1,6,casual,electric_bike,545,10.97850152905199,8.5
2024,2024-01-20,1,6,member,classic_bike,1338,11.293285999003487,8.191666666666666
2024,2024-01-20,1,6,member,electric_bike,1574,10.866391359593393,7.616666666666666
2024,2024-01-21,1,7,casual,classic_bike,391,21.399573742540497,10.266666666666667
2024,2024-01-21,1,7,casual,electric_bike,552,14.157669082125604,9.025
2024,2024-01-21,1,7,member,classic_bike,1497,14.05921843687375,7.983333333333333
2024,2024-01-21,1,7,member,electric_bike,1722,11.507171893147502,7.633333333333334
2024,2024-01-22,1,1,casual,classic_bike,483,15.706590752242928,10.583333333333334
2024,2024-01-22,1,1,casual,electric_bike,845,11.760848126232741,8.5
2024,2024-01-22,1,1,member,classic_bike,2767,16.34662691242019,8.2
2024,2024-01-22,1,1,member,electric_bike,2588,11.120942812982998,8.1
2024,2024-01-23,1,2,casual,classic_bike,753,16.500177069499777,11.05
2024,2024-01-23,1,2,casual,electric_bike,1090,11.524373088685016,9.233333333333333
2024,2024-01-23,1,2,member,classic_bike,3822,11.821302110587826,8.616666666666667
2024,2024-01-23,1,2,member,electric_bike,3388,11.23345631641086,8.35
2024,2024-01-24,1,3,casual,classic_bike,949,15.353424657534246,10.6
2024,2024-01-24,1,3,casual,electric_bike,1448,11.555398250460405,8.666666666666666
2024,2024-01-24,1,3,member,classic_bike,4289,10.966324706613818,8.15
2024,2024-01-24,1,3,member,electric_bike,3785,10.69071774548657,8.3
2024,2024-01-25,1,4,casual,classic_bike,887,18.746655392709506,11.3
2024,2024-01-25,1,4,casual,electric_bike,1302,12.762864823348695,9.4
2024,2024-01-25,1,4,member,classic_bike,3714,12.147724824986538,8.333333333333334
2024,2024-01-25,1,4,member,electric_bike,3714,10.975668641177526,8.666666666666666
2024,2024-01-26,1,5,casual,classic_bike,2194,29.073883318140382,15.75
2024,2024-01-26,1,5,casual,electric_bike,2265,16.422369389256804,10.583333333333334
2024,2024-01-26,1,5,member,classic_bike,4940,13.208225371120108,9.15
2024,2024-01-26,1,5,member,electric_bike,4578,12.192372943061017,8.891666666666666
2024,2024-01-27,1,6,casual,classic_bike,2672,28.810909431137723,16.683333333333334
2024,2024-01-27,1,6,casual,electric_bike,2057,16.994433641225086,10.933333333333334
2024,2024-01-27,1,6,member,classic_bike,4224,12.502971117424243,8.75
2024,2024-01-27,1,6,member,electric_bike,3593,11.959931347991464,8.866666666666667
2024,2024-01-28,1,7,casual,classic_bike,779,20.947240051347883,11.616666666666667
2024,2024-01-28,1,7,casual,electric_bike,1087,12.46600735970561,8.85
2024,2024-01-28,1,7,member,classic_bike,2208,11.377860809178744,7.733333333333333
2024,2024-01-28,1,7,member,electric_bike,2343,10.404332052923602,7.766666666666667
2024,2024-01-29,1,1,casual,classic_bike,770,26.95978354978355,11.508333333333333
2024,2024-01-29,1,1,casual,electric_bike,1165,12.319728183118741,9.016666666666667
2024,2024-01-29,1,1,member,classic_bike,3893,12.495628906584466,8.316666666666666
2024,2024-01-29,1,1,member,electric_bike,3779,10.071919379024433,7.766666666666667
2024,2024-01-30,1,2,casual,classic_bike,850,18.32307843137255,9.916666666666666
2024,2024-01-30,1,2,casual,electric_bike,1296,11.41301440329218,8.6
2024,2024-01-30,1,2,member,classic_bike,4167,10.841692664586834,8.3
2024,2024-01-30,1,2,member,electric_bike,4148,10.468293956927033,8.016666666666667
2024,2024-01-31,1,3,casual,classic_bike,841,16.82439556084027,10.233333333333333
2024,2024-01-31,1,3,casual,electric_bike,1399,11.262139623540625,8.583333333333334
2024,2024-01-31,1,3,member,classic_bike,4214,11.26625533934504,8.183333333333334
2024,2024-01-31,1,3,member,electric_bike,4100,10.484284552845528,8.291666666666668
2024,2024-02-01,2,4,casual,classic_bike,1123,20.66179875333927,11.333333333333334
2024,2024-02-01,2,4,casual,electric_bike,1732,12.640107775211701,9.258333333333333
2024,2024-02-01,2,4,member,classic_bike,4358,12.841108306562644,8.658333333333333
2024,2024-02-01,2,4,member,electric_bike,4587,11.2306809098176,8.633333333333333
2024,2024-02-02,2,5,casual,classic_bike,1201,18.416458506799888,11.183333333333334
2024,2024-02-02,2,5,casual,electric_bike,1701,12.146139525769154,8.9
2024,2024-02-02,2,5,member,classic_bike,3906,10.62758149854924,8.033333333333333
2024,2024-02-02,2,5,member,electric_bike,4124,11.049894924021984,8.066666666666666
2024,2024-02-03,2,6,casual,classic_bike,2231,28.763006125803077,16.766666666666666
2024,2024-02-03,2,6,casual,electric_bike,2121,15.872567971082823,10.65
2024,2024-02-03,2,6,member,classic_bike,3800,12.727530701754386,9.3
2024,2024-02-03,2,6,member,electric_bike,3722,11.845687802256851,8.616666666666667
2024,2024-02-04,2,7,casual,classic_bike,1814,29.731468210216832,16.333333333333332
2024,2024-02-04,2,7,casual,electric_bike,1852,16.647075233981283,10.666666666666666
2024,2024-02-04,2,7,member,classic_bike,3514,13.357337317397079,8.9
2024,2024-02-04,2,7,member,electric_bike,3392,11.530935534591196,8.283333333333333
2024,2024-02-05,2,1,casual,classic_bike,1029,24.599578879170718,12.25
2024,2024-02-05,2,1,casual,electric_bike,1437,12.941950823474833,9.083333333333334
2024,2024-02-05,2,1,member,classic_bike,4124,12.155290171354672,8.116666666666667
2024,2024-02-05,2,1,member,electric_bike,3895,10.674462986735131,8.1
2024,2024-02-06,2,2,casual,classic_bike,1045,19.806921850079746,11.283333333333333
2024,2024-02-06,2,2,casual,electric_bike,1429,11.52602052717518,9.066666666666666
2024,2024-02-06,2,2,member,classic_bike,4436,11.64162533814247,8.3
2024,2024-02-06,2,2,member,electric_bike,4192,10.56341444020356,8.183333333333334
2024,2024-02-07,2,3,casual,classic_bike,1148,19.807273519163765,11.433333333333334
2024,2024-02-07,2,3,casual,electric_bike,1672,11.755771531100478,9.066666666666666
2024,2024-02-07,2,3,member,classic_bike,5010,11.233785761809715,8.566666666666666
2024,2024-02-07,2,3,member,electric_bike,4338,10.764280774550484,8.25
2024,2024-02-08,2,4,casual,classic_bike,1254,20.59271664008506,11.716666666666667
2024,2024-02-08,2,4,casual,electric_bike,1947,12.792492723848657,9.683333333333334
2024,2024-02-08,2,4,member,classic_bike,4734,10.91074144486692,8.3
2024,2024-02-08,2,4,member,electric_bike,4541,10.814570946193937,8.433333333333334
2024,2024-02-09,2,5,casual,classic_bike,1784,24.49981315396114,14.141666666666666
2024,2024-02-09,2,5,casual,electric_bike,2278,15.11766900790167,10.158333333333333
2024,2024-02-09,2,5,member,classic_bike,4684,11.807194705380017,8.45
2024,2024-02-09,2,5,member,electric_bike,4792,11.394379521424597,8.583333333333334
2024,2024-02-10,2,6,casual,classic_bike,3016,28.888240495137048,17.3
2024,2024-02-10,2,6,casual,electric_bike,2556,16.97046165884194,11.225
2024,2024-02-10,2,6,member,classic_bike,4383,13.03325728192258,8.516666666666667
2024,2024-02-10,2,6,member,electric_bike,4166,12.437121939510323,8.783333333333333
2024,2024-02-11,2,7,casual,classic_bike,1168,19.641666666666666,12.5
2024,2024-02-11,2,7,casual,electric_bike,1439,13.81997915218902,9.45
2024,2024-02-11,2,7,member,classic_bike,2830,11.21414605418139,7.983333333333333
2024,2024-02-11,2,7,member,electric_bike,3039,10.623872984534387,7.783333333333333
2024,2024-02-12,2,1,casual,classic_bike,807,21.74347377116894,10.466666666666667
2024,2024-02-12,2,1,casual,electric_bike,1205,11.741908713692945,8.85
2024,2024-02-12,2,1,member,classic_bike,3406,10.885995302407517,8.05
2024,2024-02-12,2,1,member,electric_bike,3301,10.759012420478642,8.05
2024,2024-02-13,2,2,casual,classic_bike,936,17.504237891737894,11.416666666666666
2024,2024-02-13,2,2,casual,electric_bike,1348,12.010311572700296,8.875
2024,2024-02-13,2,2,member,classic_bike,3758,10.542469398616287,7.966666666666667
2024,2024-02-13,2,2,member,electric_bike,3432,10.284358003108004,7.833333333333333
2024,2024-02-14,2,3,casual,classic_bike,1166,21.646355060034306,10.958333333333332
2024,2024-02-14,2,3,casual,electric_bike,1600,11.72359375,8.858333333333334
2024,2024-02-14,2,3,member,classic_bike,4890,11.670855487389229,8.416666666666666
2024,2024-02-14,2,3,member,electric_bike,4157,10.462970090610215,8.166666666666666
2024,2024-02-15,2,4,casual,classic_bike,1143,21.631598133566637,11.233333333333333
2024,2024-02-15,2,4,casual,electric_bike,1678,11.575536352800954,9.225
2024,2024-02-15,2,4,member,classic_bike,4577,10.950254897676789,8.433333333333334
2024,2024-02-15,2,4,member,electric_bike,4254,10.77053753330199,8.216666666666667
2024,2024-02-16,2,5,casual,classic_bike,1469,28.81531654186521,13.716666666666667
2024,2024-02-16,2,5,casual,electric_bike,1759,13.012545006632555,9.033333333333333
2024,2024-02-16,2,5,member,classic_bike,3830,10.41698868581375,7.708333333333334
2024,2024-02-16,2,5,member,electric_bike,4016,10.954228917662682,8.1
2024,2024-02-17,2,6,casual,classic_bike,1152,25.977141203703702,13.066666666666666
2024,2024-02-17,2,6,casual,electric_bike,1346,13.376337295690936,8.716666666666667
2024,2024-02-17,2,6,member,classic_bike,2587,10.990516685994072,7.916666666666667
2024,2024-02-17,2,6,member,electric_bike,2649,10.566754750220209,7.733333333333333
2024,2024-02-18,2,7,casual,classic_bike,1684,29.982294140934282,15.833333333333334
2024,2024-02-18,2,7,casual,electric_bike,1571,16.271790791427968,10.166666666666666
2024,2024-02-18,2,7,member,classic_bike,2830,12.928274440518255,8.183333333333334
2024,2024-02-18,2,7,member,electric_bike,2801,11.010412947756752,8.016666666666667
2024,2024-02-19,2,1,casual,classic_bike,1465,30.641797497155856,15.95
2024,2024-02-19,2,1,casual,electric_bike,1608,15.201264510779437,10.033333333333335
2024,2024-02-19,2,1,member,classic_bike,3196,14.123711931581143,7.866666666666666
2024,2024-02-19,2,1,member,electric_bike,3010,11.35921926910299,7.691666666666666
2024,2024-02-20,2,2,casual,classic_bike,1069,21.395416276894295,12.25
2024,2024-02-20,2,2,casual,electric_bike,1485,12.51097643097643,9.183333333333334
2024,2024-02-20,2,2,member,classic_bike,4279,11.740897405935966,8.6
2024,2024-02-20,2,2,member,electric_bike,4138,10.451280811986466,8.016666666666667
2024,2024-02-21,2,3,casual,classic_bike,1307,24.032070900280537,12.7
2024,2024-02-21,2,3,casual,electric_bike,1647,12.711728395061728,9.216666666666667
2024,2024-02-21,2,3,member,classic_bike,4645,10.836157158234661,8.216666666666667
2024,2024-02-21,2,3,member,electric_bike,4269,10.725513391114234,8.383333333333333
2024,2024-02-22,2,4,casual,classic_bike,1063,20.44082784571966,11.766666666666667
2024,2024-02-22,2,4,casual,electric_bike,1622,12.631730374023837,9.541666666666668
2024,2024-02-22,2,4,member,classic_bike,4269,10.768997423284143,8.383333333333333
2024,2024-02-22,2,4,member,electric_bike,4117,10.737086065905595,8.316666666666666
2024,2024-02-23,2,5,casual,classic_bike,1219,22.68452283292316,12.65
2024,2024-02-23,2,5,casual,electric_bike,1750,13.583857142857143,9.216666666666667
2024,2024-02-23,2,5,member,classic_bike,3982,11.611564540431944,8.15
2024,2024-02-23,2,5,member,electric_bike,4094,10.88396433805569,8.275
2024,2024-02-24,2,6,casual,classic_bike,2418,26.652240143369177,16.491666666666667
2024,2024-02-24,2,6,casual,electric_bike,2037,15.499132711503846,10.466666666666667
2024,2024-02-24,2,6,member,classic_bike,3632,11.80309287812041,8.55
2024,2024-02-24,2,6,member,electric_bike,3660,11.396684881602916,8.291666666666668
2024,2024-02-25,2,7,casual,classic_bike,1916,28.991344815588032,16.291666666666668
2024,2024-02-25,2,7,casual,electric_bike,1753,14.934331621981364,10.183333333333334
2024,2024-02-25,2,7,member,classic_bike,3183,12.36905958739135,8.433333333333334
2024,2024-02-25,2,7,member,electric_bike,3331,11.210807565295706,8.083333333333334
2024,2024-02-26,2,1,casual,classic_bike,1656,27.257236312399353,15.633333333333333
2024,2024-02-26,2,1,casual,electric_bike,1858,14.147452457839972,9.658333333333333
2024,2024-02-26,2,1,member,classic_bike,4720,12.23251765536723,8.733333333333333
2024,2024-02-26,2,1,member,electric_bike,4460,11.241550822122571,8.325
2024,2024-02-27,2,2,casual,classic_bike,1205,20.521715076071924,11.733333333333333
2024,2024-02-27,2,2,casual,electric_bike,1705,13.403431085043987,9.366666666666667
2024,2024-02-27,2,2,member,classic_bike,4706,10.852294942626434,8.516666666666667
2024,2024-02-27,2,2,member,electric_bike,4433,10.986107978043462,8.7
2024,2024-02-28,2,3,casual,classic_bike,736,16.897509057971014,9.525
2024,2024-02-28,2,3,casual,electric_bike,1224,10.81797385620915,8.408333333333333
2024,2024-02-28,2,3,member,classic_bike,3291,10.41881900131672,8.066666666666666
2024,2024-02-28,2,3,member,electric_bike,3421,10.388326999902564,7.966666666666667
2024,2024-02-29,2,4,casual,classic_bike,1240,20.06926075268817,11.316666666666666
2024,2024-02-29,2,4,casual,electric_bike,1678,12.272377830750893,9.016666666666667
2024,2024-02-29,2,4,member,classic_bike,4495,12.007456433073786,8.366666666666667
2024,2024-02-29,2,4,member,electric_bike,4385,10.686731280881794,8.133333333333333
2024,2024-03-01,3,5,casual,classic_bike,1498,23.153682688028482,12.991666666666667
2024,2024-03-01,3,5,casual,electric_bike,1984,12.98494623655914,9.416666666666666
2024,2024-03-01,3,5,member,classic_bike,4018,12.220893479342957,8.1
2024,2024-03-01,3,5,member,electric_bike,4406,10.9713572401271,7.95
2024,2024-03-02,3,6,casual,classic_bike,1365,27.548424908424906,14.3
2024,2024-03-02,3,6,casual,electric_bike,1685,13.631404549950542,9.883333333333333
2024,2024-03-02,3,6,member,classic_bike,2724,11.820148066568771,8.416666666666666
2024,2024-03-02,3,6,member,electric_bike,3095,10.881039310716208,7.833333333333333
2024,2024-03-03,3,7,casual,classic_bike,3525,34.327120567375886,20.316666666666666
2024,2024-03-03,3,7,casual,electric_bike,2676,18.630860737419034,11.516666666666667
2024,2024-03-03,3,7,member,classic_bike,4254,14.476696442563862,9.45
2024,2024-03-03,3,7,member,electric_bike,4136,13.027635396518376,8.925
2024,2024-03-04,3,1,casual,classic_bike,1782,27.98989898989899,15.333333333333334
2024,2024-03-04,3,1,casual,electric_bike,1918,13.952980535279805,9.516666666666667
2024,2024-03-04,3,1,member,classic_bike,4612,12.290589765828273,8.625
2024,2024-03-04,3,1,member,electric_bike,4414,11.613034284851231,8.441666666666666
2024,2024-03-05,3,2,casual,classic_bike,1297,25.599601644821384,12.616666666666667
2024,2024-03-05,3,2,casual,electric_bike,1683,13.337433155080214,9.433333333333334
2024,2024-03-05,3,2,member,classic_bike,4124,12.03911655350792,8.341666666666667
2024,2024-03-05,3,2,member,electric_bike,4003,10.841144141893581,7.916666666666667
2024,2024-03-06,3,3,casual,classic_bike,940,20.86228723404255,11.025
2024,2024-03-06,3,3,casual,electric_bike,1500,11.1028,8.666666666666666
2024,2024-03-06,3,3,member,classic_bike,3648,11.875260416666666,8.516666666666667
2024,2024-03-06,3,3,member,electric_bike,3706,10.345156502968159,7.983333333333333
2024,2024-03-07,3,4,casual,classic_bike,1968,25.774102303523037,13.816666666666666
2024,2024-03-07,3,4,casual,electric_bike,2361,14.708816885500493,10.05
2024,2024-03-07,3,4,member,classic_bike,5235,12.364383954154729,9.066666666666666
2024,2024-03-07,3,4,member,electric_bike,5021,11.637774679678682,8.916666666666666
2024,2024-03-08,3,5,casual,classic_bike,2095,27.10132060461416,15.933333333333334
2024,2024-03-08,3,5,casual,electric_bike,2714,15.057148120854826,10.191666666666666
2024,2024-03-08,3,5,member,classic_bike,4685,11.785720384204911,8.233333333333333
2024,2024-03-08,3,5,member,electric_bike,5178,11.082528646839192,8.366666666666667
2024,2024-03-09,3,6,casual,classic_bike,567,23.05902410346855,11.516666666666667
2024,2024-03-09,3,6,casual,electric_bike,849,10.511700039261875,8.033333333333333
2024,2024-03-09,3,6,member,classic_bike,1438,11.186080203987018,8.066666666666666
2024,2024-03-09,3,6,member,electric_bike,2003,10.132817440505908,7.45
2024,2024-03-10,3,7,casual,classic_bike,1450,29.279310344827586,16.433333333333334
2024,2024-03-10,3,7,casual,electric_bike,1681,15.258437438032917,10.0
2024,2024-03-10,3,7,member,classic_bike,2718,12.33863747853814,8.016666666666667
2024,2024-03-10,3,7,member,electric_bike,3117,10.253780344348199,7.616666666666666
2024,2024-03-11,3,1,casual,classic_bike,1172,23.42019340159272,12.758333333333333
2024,2024-03-11,3,1,casual,electric_bike,1599,13.962643318740879,9.116666666666667
2024,2024-03-11,3,1,member,classic_bike,3730,11.993302055406613,7.833333333333333
2024,2024-03-11,3,1,member,electric_bike,4185,10.432811628833134,7.95
2024,2024-03-12,3,2,casual,classic_bike,2794,30.929002624671917,17.84166666666667
2024,2024-03-12,3,2,casual,electric_bike,2577,16.32857327641961,11.15
2024,2024-03-12,3,2,member,classic_bike,5738,12.856564424305798,9.216666666666667
2024,2024-03-12,3,2,member,electric_bike,5647,11.738265155539816,8.95
2024,2024-03-13,3,3,casual,classic_bike,3145,33.650418653948066,18.3
2024,2024-03-13,3,3,casual,electric_bike,2792,16.82482688634193,10.9
2024,2024-03-13,3,3,member,classic_bike,5911,13.3300484971522,9.316666666666666
2024,2024-03-13,3,3,member,electric_bike,5956,12.016759010521605,9.066666666666666
2024,2024-03-14,3,4,casual,classic_bike,3575,30.910079254079253,18.583333333333332
2024,2024-03-14,3,4,casual,electric_bike,3340,17.37251497005988,11.516666666666667
2024,2024-03-14,3,4,member,classic_bike,5873,12.724445201203247,9.4
2024,2024-03-14,3,4,member,electric_bike,5935,12.09041842179163,9.333333333333334
2024,2024-03-15,3,5,casual,classic_bike,2875,30.46217391304348,17.066666666666666
2024,2024-03-15,3,5,casual,electric_bike,2830,15.300129564193169,11.0
2024,2024-03-15,3,5,member,classic_bike,4714,12.445622967048509,8.616666666666667
2024,2024-03-15,3,5,member,electric_bike,5244,11.49773073989321,8.733333333333333
2024,2024-03-16,3,6,casual,classic_bike,6542,36.90169927646999,22.108333333333334
2024,2024-03-16,3,6,casual,electric_bike,4582,21.73599592608759,13.3
2024,2024-03-16,3,6,member,classic_bike,5501,16.197124765194207,10.55
2024,2024-03-16,3,6,member,electric_bike,5403,13.2148991301129,9.766666666666667
2024,2024-03-17,3,7,casual,classic_bike,4855,35.95536216958462,21.5
2024,2024-03-17,3,7,casual,electric_bike,3559,21.819902594361714,13.05
2024,2024-03-17,3,7,member,classic_bike,4657,16.65747977954334,10.0
2024,2024-03-17,3,7,member,electric_bike,4497,12.649733155436959,9.283333333333333
2024,2024-03-18,3,1,casual,classic_bike,1875,27.065662222222223,16.1
2024,2024-03-18,3,1,casual,electric_bike,2042,14.097535096310805,9.716666666666667
2024,2024-03-18,3,1,member,classic_bike,4453,13.270678943034659,8.783333333333333
2024,2024-03-18,3,1,member,electric_bike,4705,10.407782500885583,7.85
2024,2024-03-19,3,2,casual,classic_bike,1814,26.90169974274164,15.191666666666666
2024,2024-03-19,3,2,casual,electric_bike,2346,15.733219664677465,10.4
2024,2024-03-19,3,2,member,classic_bike,4944,12.447889697950378,8.525
2024,2024-03-19,3,2,member,electric_bike,5083,10.503114958357925,8.183333333333334
2024,2024-03-20,3,3,casual,classic_bike,2804,32.23376723728008,18.275
2024,2024-03-20,3,3,casual,electric_bike,2753,16.993382976147235,10.983333333333333
2024,2024-03-20,3,3,member,classic_bike,5536,12.90346218689788,9.166666666666666
2024,2024-03-20,3,3,member,electric_bike,5577,11.500412408104717,8.833333333333334
2024,2024-03-21,3,4,casual,classic_bike,2100,31.10442063492064,16.066666666666666
2024,2024-03-21,3,4,casual,electric_bike,2534,15.469751381215469,10.291666666666668
2024,2024-03-21,3,4,member,classic_bike,4963,11.437413526764725,8.283333333333333
2024,2024-03-21,3,4,member,electric_bike,5017,10.637894492060328,8.266666666666667
2024,2024-03-22,3,5,casual,classic_bike,2685,32.001626319056484,18.333333333333332
2024,2024-03-22,3,5,casual,electric_bike,2764,15.629606849975882,10.375
2024,2024-03-22,3,5,member,classic_bike,4630,12.157721382289417,8.625
2024,2024-03-22,3,5,member,electric_bike,5049,11.020198719218328,8.35
2024,2024-03-23,3,6,casual,classic_bike,1603,29.51540860885839,15.116666666666667
2024,2024-03-23,3,6,casual,electric_bike,1741,14.819394983725827,10.183333333333334
2024,2024-03-23,3,6,member,classic_bike,2525,12.354495049504951,8.25
2024,2024-03-23,3,6,member,electric_bike,3044,10.943292816469556,8.083333333333334
2024,2024-03-24,3,7,casual,classic_bike,4056,36.59313773833004,23.183333333333334
2024,2024-03-24,3,7,casual,electric_bike,3073,21.57346241457859,13.116666666666667
2024,2024-03-24,3,7,member,classic_bike,4308,13.273587898483441,8.783333333333333
2024,2024-03-24,3,7,member,electric_bike,3964,12.24604355869492,8.591666666666667
2024,2024-03-25,3,1,casual,classic_bike,2945,35.629552914544426,19.9
2024,2024-03-25,3,1,casual,electric_bike,2359,17.15946728839904,10.85
2024,2024-03-25,3,1,member,classic_bike,4835,12.61479489831093,8.666666666666666
2024,2024-03-25,3,1,member,electric_bike,4733,11.155958166068034,8.416666666666666
2024,2024-03-26,3,2,casual,classic_bike,2783,30.670529404719133,17.833333333333332
2024,2024-03-26,3,2,casual,electric_bike,2587,16.169900785981188,10.15
2024,2024-03-26,3,2,member,classic_bike,5535,11.78122854561879,8.5
2024,2024-03-26,3,2,member,electric_bike,5435,11.147092916283349,8.416666666666666
2024,2024-03-27,3,3,casual,classic_bike,829,19.33797748291114,11.166666666666666
2024,2024-03-27,3,3,casual,electric_bike,1413,11.102193913658883,8.75
2024,2024-03-27,3,3,member,classic_bike,3311,10.510918151615826,8.016666666666667
2024,2024-03-27,3,3,member,electric_bike,3720,10.063620071684587,7.85
2024,2024-03-28,3,4,casual,classic_bike,1687,24.93666271487848,14.35
2024,2024-03-28,3,4,casual,electric_bike,2302,14.588538951636258,9.291666666666668
2024,2024-03-28,3,4,member,classic_bike,4636,11.44654155881507,8.116666666666667
2024,2024-03-28,3,4,member,electric_bike,5015,10.567464273845133,8.183333333333334
2024,2024-03-29,3,5,casual,classic_bike,4235,33.50462809917356,20.933333333333334
2024,2024-03-29,3,5,casual,electric_bike,3422,18.64903565166569,11.016666666666667
2024,2024-03-29,3,5,member,classic_bike,4941,12.681764824934225,8.566666666666666
2024,2024-03-29,3,5,member,electric_bike,5357,11.481899072864165,8.55
2024,2024-03-30,3,6,casual,classic_bike,5831,34.11989367175442,21.783333333333335
2024,2024-03-30,3,6,casual,electric_bike,3668,21.770342602689933,13.316666666666666
2024,2024-03-30,3,6,member,classic_bike,4681,13.580100405896175,9.1
2024,2024-03-30,3,6,member,electric_bike,4610,12.507411424439624,9.116666666666667
2024,2024-03-31,3,7,casual,classic_bike,4729,36.12015577641503,23.066666666666666
2024,2024-03-31,3,7,casual,electric_bike,3398,21.480091230135375,12.858333333333334
2024,2024-03-31,3,7,member,classic_bike,3973,13.423101770282743,9.033333333333333
2024,2024-03-31,3,7,member,electric_bike,4022,12.181725509696669,8.583333333333334
2024,2024-04-01,4,1,casual,classic_bike,1663,25.781499298456602,14.4
2024,2024-04-01,4,1,casual,electric_bike,1748,14.841390160183066,9.325
2024,2024-04-01,4,1,member,classic_bike,4025,10.624285714285714,8.066666666666666
2024,2024-04-01,4,1,member,electric_bike,4232,10.355249684940139,7.866666666666666
2024,2024-04-02,4,2,casual,classic_bike,1145,22.18037845705968,12.916666666666666
2024,2024-04-02,4,2,casual,electric_bike,1532,13.063859878154918,9.483333333333334
2024,2024-04-02,4,2,member,classic_bike,3900,11.185692307692307,8.216666666666667
2024,2024-04-02,4,2,member,electric_bike,4049,10.266823083889026,8.0
2024,2024-04-03,4,3,casual,classic_bike,572,18.95,11.366666666666667
2024,2024-04-03,4,3,casual,electric_bike,1068,11.62848002496879,8.958333333333332
2024,2024-04-03,4,3,member,classic_bike,2614,12.248750318796226,8.083333333333334
2024,2024-04-03,4,3,member,electric_bike,3082,9.609587929915639,7.466666666666667
2024,2024-04-04,4,4,casual,classic_bike,2224,24.817678357314147,14.866666666666667
2024,2024-04-04,4,4,casual,electric_bike,2375,13.534736842105263,9.566666666666666
2024,2024-04-04,4,4,member,classic_bike,5146,13.579858142246405,8.416666666666666
2024,2024-04-04,4,4,member,electric_bike,5093,10.382060344263369,8.1
2024,2024-04-05,4,5,casual,classic_bike,2445,25.90569870483981,15.116666666666667
2024,2024-04-05,4,5,casual,electric_bike,2514,15.196638822593476,10.033333333333333
2024,2024-04-05,4,5,member,classic_bike,4592,11.319682781649245,8.133333333333333
2024,2024-04-05,4,5,member,electric_bike,4873,10.801224433955811,8.016666666666667
2024,2024-04-06,4,6,casual,classic_bike,3590,28.37424791086351,17.083333333333332
2024,2024-04-06,4,6,casual,electric_bike,2963,17.18084148948138,11.116666666666667
2024,2024-04-06,4,6,member,classic_bike,4258,13.68254266478785,8.55
2024,2024-04-06,4,6,member,electric_bike,4386,11.330464356285152,8.6
2024,2024-04-07,4,7,casual,classic_bike,4436,30.900086414186955,18.875
2024,2024-04-07,4,7,casual,electric_bike,3429,19.792952269855153,12.683333333333334
2024,2024-04-07,4,7,member,classic_bike,4654,13.0231843575419,9.0
2024,2024-04-07,4,7,member,electric_bike,4421,12.34685968483752,9.183333333333334
2024,2024-04-08,4,1,casual,classic_bike,2519,27.870504168320764,15.683333333333334
2024,2024-04-08,4,1,casual,electric_bike,2430,16.207818930041153,10.85
2024,2024-04-08,4,1,member,classic_bike,5429,11.774022226315466,8.733333333333333
2024,2024-04-08,4,1,member,electric_bike,5224,11.797677386421643,8.6
2024,2024-04-09,4,2,casual,classic_bike,2666,26.192516879219806,15.383333333333333
2024,2024-04-09,4,2,casual,electric_bike,2491,15.753519336277263,10.816666666666666
2024,2024-04-09,4,2,member,classic_bike,6061,12.062330198537095,8.716666666666667
2024,2024-04-09,4,2,member,electric_bike,5666,11.75491822567361,8.883333333333333
2024,2024-04-10,4,3,casual,classic_bike,2908,27.266632278771205,15.033333333333333
2024,2024-04-10,4,3,casual,electric_bike,2859,16.088037775445958,10.866666666666667
2024,2024-04-10,4,3,member,classic_bike,6606,13.541876072257544,8.833333333333334
2024,2024-04-10,4,3,member,electric_bike,5824,11.979867788461538,9.033333333333333
2024,2024-04-11,4,4,casual,classic_bike,2041,23.328637922586967,13.116666666666667
2024,2024-04-11,4,4,casual,electric_bike,2408,13.798726467331116,9.733333333333333
2024,2024-04-11,4,4,member,classic_bike,5555,11.309111911191119,8.3
2024,2024-04-11,4,4,member,electric_bike,5242,11.031759506549664,8.683333333333334
2024,2024-04-12,4,5,casual,classic_bike,2715,26.16770411295273,14.916666666666666
2024,2024-04-12,4,5,casual,electric_bike,2898,15.45775822406257,9.983333333333333
2024,2024-04-12,4,5,member,classic_bike,5091,11.593164407778431,7.883333333333334
2024,2024-04-12,4,5,member,electric_bike,5312,10.725414156626504,8.266666666666667
2024,2024-04-13,4,6,casual,classic_bike,4946,29.562481466504916,17.65
2024,2024-04-13,4,6,casual,electric_bike,3535,18.867661480433757,12.116666666666667
2024,2024-04-13,4,6,member,classic_bike,5173,12.534303112313937,8.75
2024,2024-04-13,4,6,member,electric_bike,4690,12.449793887704336,9.325
2024,2024-04-14,4,7,casual,classic_bike,5550,35.9824924924925,20.891666666666666
2024,2024-04-14,4,7,casual,electric_bike,3664,21.26978711790393,13.066666666666666
2024,2024-04-14,4,7,member,classic_bike,5354,13.981957415016808,8.966666666666667
2024,2024-04-14,4,7,member,electric_bike,4378,12.950315973808435,9.15
2024,2024-04-15,4,1,casual,classic_bike,2910,27.988785796105386,15.391666666666666
2024,2024-04-15,4,1,casual,electric_bike,2510,16.273598937583003,10.308333333333334
2024,2024-04-15,4,1,member,classic_bike,5763,11.186586847128233,8.266666666666667
2024,2024-04-15,4,1,member,electric_bike,4910,11.592287847929395,8.833333333333334
2024,2024-04-16,4,2,casual,classic_bike,3326,26.45697534576067,15.508333333333333
2024,2024-04-16,4,2,casual,electric_bike,2751,16.365436810856657,10.75
2024,2024-04-16,4,2,member,classic_bike,6972,12.318662746222985,9.066666666666666
2024,2024-04-16,4,2,member,electric_bike,5263,11.880334410032301,9.0
2024,2024-04-17,4,3,casual,classic_bike,2978,23.931016342064027,14.45
2024,2024-04-17,4,3,casual,electric_bike,2844,17.383532583216127,11.108333333333334
2024,2024-04-17,4,3,member,classic_bike,6874,12.69836097371739,8.966666666666667
2024,2024-04-17,4,3,member,electric_bike,5409,11.828181426018364,9.116666666666667
2024,2024-04-18,4,4,casual,classic_bike,3653,25.734875444839858,15.066666666666666
2024,2024-04-18,4,4,casual,electric_bike,3097,16.5054891830804,10.916666666666666
2024,2024-04-18,4,4,member,classic_bike,6747,11.932555209722839,8.966666666666667
2024,2024-04-18,4,4,member,electric_bike,5630,11.836637063351095,9.083333333333334
2024,2024-04-19,4,5,casual,classic_bike,2724,22.191642192853642,13.983333333333333
2024,2024-04-19,4,5,casual,electric_bike,2742,15.377504254801849,10.316666666666666
2024,2024-04-19,4,5,member,classic_bike,5068,11.513887792686134,8.216666666666667
2024,2024-04-19,4,5,member,electric_bike,5104,11.158650078369906,8.483333333333333
2024,2024-04-20,4,6,casual,classic_bike,6128,32.547973781549175,19.45
2024,2024-04-20,4,6,casual,electric_bike,4071,20.076021452550563,12.8
2024,2024-04-20,4,6,member,classic_bike,6123,13.852991452991454,9.466666666666667
2024,2024-04-20,4,6,member,electric_bike,5499,13.036894586894586,9.633333333333333
2024,2024-04-21,4,7,casual,classic_bike,2848,27.729201779026216,15.308333333333334
2024,2024-04-21,4,7,casual,electric_bike,2487,16.307170620560246,10.816666666666666
2024,2024-04-21,4,7,member,classic_bike,4114,11.096690163668773,7.633333333333334
2024,2024-04-21,4,7,member,electric_bike,3936,11.483494241192412,8.25
2024,2024-04-22,4,1,casual,classic_bike,2506,27.06006251662676,15.358333333333334
2024,2024-04-22,4,1,casual,electric_bike,2157,15.246901560809766,10.25
2024,2024-04-22,4,1,member,classic_bike,5667,11.318284218575377,8.333333333333334
2024,2024-04-22,4,1,member,electric_bike,4981,11.513765642775882,8.783333333333333
2024,2024-04-23,4,2,casual,classic_bike,2978,26.353537049473925,14.783333333333333
2024,2024-04-23,4,2,casual,electric_bike,2436,15.798173234811168,10.583333333333334
2024,2024-04-23,4,2,member,classic_bike,6769,11.670066971980106,8.816666666666666
2024,2024-04-23,4,2,member,electric_bike,5550,11.784024024024022,9.108333333333334
2024,2024-04-24,4,3,casual,classic_bike,3008,25.500858820921984,14.55
2024,2024-04-24,4,3,casual,electric_bike,2659,15.43757051523129,10.883333333333333
2024,2024-04-24,4,3,member,classic_bike,7077,12.329419245442983,9.033333333333333
2024,2024-04-24,4,3,member,electric_bike,5657,11.720290495551234,9.183333333333334
2024,2024-04-25,4,4,casual,classic_bike,2728,21.429771505376344,12.85
2024,2024-04-25,4,4,casual,electric_bike,2597,14.35774611731485,10.533333333333333
2024,2024-04-25,4,4,member,classic_bike,6392,11.399535878181059,8.458333333333332
2024,2024-04-25,4,4,member,electric_bike,5561,11.318258107055085,8.833333333333334
2024,2024-04-26,4,5,casual,classic_bike,3593,27.615766768716952,16.366666666666667
2024,2024-04-26,4,5,casual,electric_bike,2960,15.838969594594595,10.641666666666666
2024,2024-04-26,4,5,member,classic_bike,5836,12.179546493031758,8.616666666666667
2024,2024-04-26,4,5,member,electric_bike,5587,12.152475985919693,9.2
2024,2024-04-27,4,6,casual,classic_bike,3129,25.789283051028015,16.583333333333332
2024,2024-04-27,4,6,casual,electric_bike,2418,16.893265784394817,10.95
2024,2024-04-27,4,6,member,classic_bike,4089,12.0872258906008,8.3
2024,2024-04-27,4,6,member,electric_bike,4210,11.562157561361838,8.566666666666666
2024,2024-04-28,4,7,casual,classic_bike,6139,33.901115816908295,20.616666666666667
2024,2024-04-28,4,7,casual,electric_bike,3507,21.28071000855432,13.766666666666667
2024,2024-04-28,4,7,member,classic_bike,5816,14.45925894085282,9.466666666666667
2024,2024-04-28,4,7,member,electric_bike,4952,13.27020732364028,9.666666666666666
2024,2024-04-29,4,1,casual,classic_bike,2991,27.99326312270144,15.8
2024,2024-04-29,4,1,casual,electric_bike,2417,16.676734243552616,10.683333333333334
2024,2024-04-29,4,1,member,classic_bike,6476,11.431704241301215,8.4
2024,2024-04-29,4,1,member,electric_bike,5243,12.051637103439505,8.983333333333333
2024,2024-04-30,4,2,casual,classic_bike,3227,26.772192955273216,14.416666666666666
2024,2024-04-30,4,2,casual,electric_bike,2594,16.25068748393729,10.95
2024,2024-04-30,4,2,member,classic_bike,7348,12.454023770640537,9.033333333333333
2024,2024-04-30,4,2,member,electric_bike,5556,12.362580993520519,9.3
2024,2024-05-01,5,3,casual,classic_bike,3454,24.96313453001351,14.716666666666667
2024,2024-05-01,5,3,casual,electric_bike,2798,15.438360733857516,10.433333333333334
2024,2024-05-01,5,3,member,classic_bike,7496,12.1298270188545,9.008333333333333
2024,2024-05-01,5,3,member,electric_bike,5950,12.039240896358542,9.25
2024,2024-05-02,5,4,casual,classic_bike,3455,24.834013506994694,14.966666666666667
2024,2024-05-02,5,4,casual,electric_bike,3015,15.65776119402985,11.133333333333333
2024,2024-05-02,5,4,member,classic_bike,6989,12.238715600705873,8.9
2024,2024-05-02,5,4,member,electric_bike,6111,12.075358642884416,9.316666666666666
2024,2024-05-03,5,5,casual,classic_bike,3957,28.525313789908182,16.55
2024,2024-05-03,5,5,casual,electric_bike,3386,16.69652982870644,11.1
2024,2024-05-03,5,5,member,classic_bike,6321,11.683509993144545,8.666666666666666
2024,2024-05-03,5,5,member,electric_bike,6096,11.986234142607175,8.966666666666667
2024,2024-05-04,5,6,casual,classic_bike,1665,22.059319319319318,12.666666666666666
2024,2024-05-04,5,6,casual,electric_bike,1730,14.176734104046245,9.841666666666667
2024,2024-05-04,5,6,member,classic_bike,2860,12.650798368298368,7.85
2024,2024-05-04,5,6,member,electric_bike,3322,10.668954445113384,8.025
2024,2024-05-05,5,7,casual,classic_bike,2056,26.635562581063553,15.316666666666666
2024,2024-05-05,5,7,casual,electric_bike,1842,16.21273072747014,10.6
2024,2024-05-05,5,7,member,classic_bike,3614,11.736755211215643,7.941666666666666
2024,2024-05-05,5,7,member,electric_bike,3544,11.467936418359669,8.583333333333334
2024,2024-05-06,5,1,casual,classic_bike,2475,25.796922558922557,14.433333333333334
2024,2024-05-06,5,1,casual,electric_bike,2155,16.54368909512761,10.583333333333334
2024,2024-05-06,5,1,member,classic_bike,5888,11.560263813405797,8.433333333333334
2024,2024-05-06,5,1,member,electric_bike,5150,11.82056634304207,8.808333333333334
2024,2024-05-07,5,2,casual,classic_bike,3143,24.50027574504189,14.483333333333333
2024,2024-05-07,5,2,casual,electric_bike,2466,16.38662476344958,10.883333333333333
2024,2024-05-07,5,2,member,classic_bike,7171,11.756695951285268,8.766666666666667
2024,2024-05-07,5,2,member,electric_bike,5607,11.76239522026039,9.05
2024,2024-05-08,5,3,casual,classic_bike,3536,25.585383672699848,14.291666666666668
2024,2024-05-08,5,3,casual,electric_bike,2886,17.219346269346268,10.983333333333333
2024,2024-05-08,5,3,member,classic_bike,7478,12.66693857537666,9.333333333333334
2024,2024-05-08,5,3,member,electric_bike,6124,12.276717287176139,9.333333333333334
2024,2024-05-09,5,4,casual,classic_bike,2951,23.458336157234836,13.65
2024,2024-05-09,5,4,casual,electric_bike,2622,15.644902110348335,10.616666666666667
2024,2024-05-09,5,4,member,classic_bike,6434,12.315285980727387,8.833333333333334
2024,2024-05-09,5,4,member,electric_bike,5364,12.17857631121054,9.416666666666666
2024,2024-05-10,5,5,casual,classic_bike,1348,20.095165677546984,12.5
2024,2024-05-10,5,5,casual,electric_bike,1767,13.850962082625918,9.45
2024,2024-05-10,5,5,member,classic_bike,3818,12.365038414527676,7.816666666666666
2024,2024-05-10,5,5,member,electric_bike,3985,10.9034504391468,8.45
2024,2024-05-11,5,6,casual,classic_bike,4383,29.73739447866758,18.483333333333334
2024,2024-05-11,5,6,casual,electric_bike,3043,18.311353927045676,12.116666666666667
2024,2024-05-11,5,6,member,classic_bike,5240,14.128282442748091,9.433333333333334
2024,2024-05-11,5,6,member,electric_bike,4670,12.432194860813704,9.333333333333334
2024,2024-05-12,5,7,casual,classic_bike,3263,31.810082745939326,19.3
2024,2024-05-12,5,7,casual,electric_bike,2418,19.974476151089057,11.366666666666667
2024,2024-05-12,5,7,member,classic_bike,4510,15.026419068736141,8.816666666666666
2024,2024-05-12,5,7,member,electric_bike,4217,12.124760888467316,8.633333333333333
2024,2024-05-13,5,1,casual,classic_bike,3140,28.644814225053082,16.141666666666666
2024,2024-05-13,5,1,casual,electric_bike,2565,16.97427550357375,11.0
2024,2024-05-13,5,1,member,classic_bike,6547,12.285711012677563,8.833333333333334
2024,2024-05-13,5,1,member,electric_bike,5474,11.990110826939471,9.016666666666667
2024,2024-05-14,5,2,casual,classic_bike,1575,23.962243386243387,12.666666666666666
2024,2024-05-14,5,2,casual,electric_bike,1684,14.078434283452097,9.666666666666666
2024,2024-05-14,5,2,member,classic_bike,4602,13.445465739533535,8.183333333333334
2024,2024-05-14,5,2,member,electric_bike,4308,11.134904054472301,8.691666666666666
2024,2024-05-15,5,3,casual,classic_bike,1941,21.82149235789112,13.133333333333333
2024,2024-05-15,5,3,casual,electric_bike,1931,13.864810978767478,9.6
2024,2024-05-15,5,3,member,classic_bike,5476,11.477599220842464,8.433333333333334
2024,2024-05-15,5,3,member,electric_bike,4930,11.580162271805273,8.916666666666666
2024,2024-05-16,5,4,casual,classic_bike,3711,25.51614569298482,15.016666666666667
2024,2024-05-16,5,4,casual,electric_bike,2925,16.718837606837607,11.116666666666667
2024,2024-05-16,5,4,member,classic_bike,7409,12.791544068025376,8.983333333333333
2024,2024-05-16,5,4,member,electric_bike,5845,12.656960364984318,9.5
2024,2024-05-17,5,5,casual,classic_bike,3465,28.718162578162577,16.083333333333332
2024,2024-05-17,5,5,casual,electric_bike,2776,17.195485110470702,10.933333333333334
2024,2024-05-17,5,5,member,classic_bike,5952,13.89085461469534,8.5
2024,2024-05-17,5,5,member,electric_bike,5804,12.137072134160348,8.833333333333334
2024,2024-05-18,5,6,casual,classic_bike,1538,21.70353272648461,13.15
2024,2024-05-18,5,6,casual,electric_bike,1594,14.964355918025932,9.733333333333334
2024,2024-05-18,5,6,member,classic_bike,2679,12.971848948612665,7.866666666666666
2024,2024-05-18,5,6,member,electric_bike,3110,11.543772775991425,8.35
2024,2024-05-19,5,7,casual,classic_bike,4629,33.161604378195435,18.066666666666666
2024,2024-05-19,5,7,casual,electric_bike,2953,19.594536629416414,12.25
2024,2024-05-19,5,7,member,classic_bike,5692,13.17010131178262,8.533333333333333
2024,2024-05-19,5,7,member,electric_bike,4690,13.0413539445629,9.166666666666666
2024,2024-05-20,5,1,casual,classic_bike,3357,26.679530334624168,15.366666666666667
2024,2024-05-20,5,1,casual,electric_bike,2422,16.953660886319845,10.791666666666668
2024,2024-05-20,5,1,member,classic_bike,6447,12.285910759526397,8.9
2024,2024-05-20,5,1,member,electric_bike,5542,12.513343558282209,9.3
2024,2024-05-21,5,2,casual,classic_bike,3393,27.474869830042245,15.633333333333333
2024,2024-05-21,5,2,casual,electric_bike,2649,16.416817667044167,10.85
2024,2024-05-21,5,2,member,classic_bike,7285,12.107362159688858,9.15
2024,2024-05-21,5,2,member,electric_bike,6093,12.61417200065649,9.25
2024,2024-05-22,5,3,casual,classic_bike,3058,25.982548506649227,14.075
2024,2024-05-22,5,3,casual,electric_bike,2698,16.125951321966888,10.983333333333333
2024,2024-05-22,5,3,member,classic_bike,6798,13.13033490242228,8.8
2024,2024-05-22,5,3,member,electric_bike,6152,12.543690398786302,9.366666666666667
2024,2024-05-23,5,4,casual,classic_bike,2896,27.63355778084714,14.508333333333333
2024,2024-05-23,5,4,casual,electric_bike,2560,16.186015625000003,10.6
2024,2024-05-23,5,4,member,classic_bike,6153,11.456850316918576,8.616666666666667
2024,2024-05-23,5,4,member,electric_bike,5624,12.007073850165957,9.058333333333334
2024,2024-05-24,5,5,casual,classic_bike,3717,28.863496547394853,17.066666666666666
2024,2024-05-24,5,5,casual,electric_bike,3090,17.458770226537215,11.266666666666667
2024,2024-05-24,5,5,member,classic_bike,5707,11.84715553998014,8.6
2024,2024-05-24,5,5,member,electric_bike,5830,12.467332761578046,9.108333333333334
2024,2024-05-25,5,6,casual,classic_bike,5170,34.45462282398452,19.633333333333333
2024,2024-05-25,5,6,casual,electric_bike,3226,21.233131845422605,12.841666666666667
2024,2024-05-25,5,6,member,classic_bike,4365,13.941863306605574,9.083333333333334
2024,2024-05-25,5,6,member,electric_bike,4625,13.482464864864864,9.733333333333333
2024,2024-05-26,5,7,casual,classic_bike,5770,35.48207683419989,21.4
2024,2024-05-26,5,7,casual,electric_bike,3126,22.01023139262103,13.016666666666667
2024,2024-05-26,5,7,member,classic_bike,4536,13.278016607877719,8.616666666666667
2024,2024-05-26,5,7,member,electric_bike,4345,13.561411584196394,9.316666666666666
2024,2024-05-27,5,1,casual,classic_bike,3784,34.92126937984496,20.2
2024,2024-05-27,5,1,casual,electric_bike,2433,18.95608987532539,11.85
2024,2024-05-27,5,1,member,classic_bike,3661,13.384835655103341,8.566666666666666
2024,2024-05-27,5,1,member,electric_bike,3899,12.649713601778235,8.416666666666666
2024,2024-05-28,5,2,casual,classic_bike,3018,25.810012149326266,15.758333333333333
2024,2024-05-28,5,2,casual,electric_bike,2450,16.489789115646257,10.425
2024,2024-05-28,5,2,member,classic_bike,6289,11.758642073461598,8.733333333333333
2024,2024-05-28,5,2,member,electric_bike,5785,12.093108614232209,8.9
2024,2024-05-29,5,3,casual,classic_bike,2229,24.40504710632571,14.066666666666666
2024,2024-05-29,5,3,casual,electric_bike,2073,14.668588197459398,10.3
2024,2024-05-29,5,3,member,classic_bike,5577,11.574502420656266,8.733333333333333
2024,2024-05-29,5,3,member,electric_bike,5077,11.301884314884118,8.816666666666666
2024,2024-05-30,5,4,casual,classic_bike,3427,26.921072852835326,15.45
2024,2024-05-30,5,4,casual,electric_bike,2832,15.929149011299431,10.816666666666666
2024,2024-05-30,5,4,member,classic_bike,6969,12.326689625484285,9.066666666666666
2024,2024-05-30,5,4,member,electric_bike,5980,12.39511148272018,9.416666666666666
2024,2024-05-31,5,5,casual,classic_bike,3790,27.459120492524185,15.183333333333334
2024,2024-05-31,5,5,casual,electric_bike,3336,15.728657074340529,10.666666666666666
2024,2024-05-31,5,5,member,classic_bike,6480,12.88229938271605,9.0
2024,2024-05-31,5,5,member,electric_bike,6286,12.389484568883232,8.983333333333333
2024,2024-06-01,6,6,casual,classic_bike,5725,32.1233566783115,18.760933333333334
2024,2024-06-01,6,6,casual,electric_bike,3795,18.83517320597277,11.786033333333334
2024,2024-06-01,6,6,member,classic_bike,6161,14.008796091002544,9.563966666666666
2024,2024-06-01,6,6,member,electric_bike,5811,12.77150786152699,9.1161
2024,2024-06-02,6,7,casual,classic_bike,4794,31.642763934084268,18.783658333333335
2024,2024-06-02,6,7,casual,electric_bike,3143,19.23430798069785,11.749
2024,2024-06-02,6,7,member,classic_bike,5564,13.160744248741914,8.949933333333334
2024,2024-06-02,6,7,member,electric_bike,4909,12.862772540232225,9.077316666666666
2024,2024-06-03,6,1,casual,classic_bike,3375,30.32063070617284,16.185783333333333
2024,2024-06-03,6,1,casual,electric_bike,2555,18.356042446183952,11.2267
2024,2024-06-03,6,1,member,classic_bike,6430,12.770174059097979,9.051341666666666
2024,2024-06-03,6,1,member,electric_bike,5489,12.912750400801603,9.367983333333333
2024,2024-06-04,6,2,casual,classic_bike,3504,26.4661834760274,15.303933333333333
2024,2024-06-04,6,2,casual,electric_bike,2843,16.109127658576618,11.07325
2024,2024-06-04,6,2,member,classic_bike,7306,12.890003152659915,9.216091666666667
2024,2024-06-04,6,2,member,electric_bike,6128,12.349495188751087,9.299283333333333
2024,2024-06-05,6,3,casual,classic_bike,2404,22.83838526067665,13.390841666666667
2024,2024-06-05,6,3,casual,electric_bike,2268,13.951808987360376,9.931983333333333
2024,2024-06-05,6,3,member,classic_bike,6174,12.094373401900445,9.0153
2024,2024-06-05,6,3,member,electric_bike,5343,12.226228769729865,9.306533333333334
2024,2024-06-06,6,4,casual,classic_bike,3258,26.036248859218336,14.266983333333334
2024,2024-06-06,6,4,casual,electric_bike,3010,15.239543671096344,10.630641666666666
2024,2024-06-06,6,4,member,classic_bike,6909,12.233054467602644,9.141733333333333
2024,2024-06-06,6,4,member,electric_bike,6644,12.720717401665665,9.580141666666666
2024,2024-06-07,6,5,casual,classic_bike,4385,25.633704998099585,15.361833333333333
2024,2024-06-07,6,5,casual,electric_bike,3788,16.90800784934882,11.241666666666667
2024,2024-06-07,6,5,member,classic_bike,6859,12.907743917966663,8.964466666666668
2024,2024-06-07,6,5,member,electric_bike,6957,12.733740067557854,9.356916666666667
2024,2024-06-08,6,6,casual,classic_bike,7144,30.928826124486747,18.486475
2024,2024-06-08,6,6,casual,electric_bike,4447,19.67493778577318,12.83125
2024,2024-06-08,6,6,member,classic_bike,6457,14.525731769139435,10.0259
2024,2024-06-08,6,6,member,electric_bike,6114,13.920600697851926,10.489133333333333
2024,2024-06-09,6,7,casual,classic_bike,5290,31.486082794580973,17.654491666666665
2024,2024-06-09,6,7,casual,electric_bike,3434,18.683598058629393,12.357633333333334
2024,2024-06-09,6,7,member,classic_bike,5841,13.397597762940135,9.438216666666667
2024,2024-06-09,6,7,member,electric_bike,5489,13.353719660533189,9.4878
2024,2024-06-10,6,1,casual,classic_bike,3105,28.533291180891037,15.1772
2024,2024-06-10,6,1,casual,electric_bike,2758,16.597275157118684,11.185283333333334
2024,2024-06-10,6,1,member,classic_bike,6225,13.3134054832664,9.022116666666667
2024,2024-06-10,6,1,member,electric_bike,5712,12.308292200630252,9.354041666666667
2024,2024-06-11,6,2,casual,classic_bike,3616,28.14447454369469,15.691358333333334
2024,2024-06-11,6,2,casual,electric_bike,2959,16.814574867635464,11.191066666666668
2024,2024-06-11,6,2,member,classic_bike,7563,14.397405769315528,9.546283333333333
2024,2024-06-11,6,2,member,electric_bike,6247,12.518377031641855,9.674483333333335
2024,2024-06-12,6,3,casual,classic_bike,3784,27.394220859760395,15.420691666666666
2024,2024-06-12,6,3,casual,electric_bike,3120,15.902769257478631,11.327258333333333
2024,2024-06-12,6,3,member,classic_bike,7512,13.752155728612,9.726291666666667
2024,2024-06-12,6,3,member,electric_bike,6686,12.559425172001196,9.614025000000002
2024,2024-06-13,6,4,casual,classic_bike,3518,26.805699185143077,14.891608333333334
2024,2024-06-13,6,4,casual,electric_bike,3268,16.431825846593224,11.191933333333333
2024,2024-06-13,6,4,member,classic_bike,6892,12.84348280615206,9.272741666666665
2024,2024-06-13,6,4,member,electric_bike,6631,12.736219544563413,9.8065
2024,2024-06-14,6,5,casual,classic_bike,3783,25.961728702969427,15.359166666666665
2024,2024-06-14,6,5,casual,electric_bike,3377,17.363681941565492,11.080166666666665
2024,2024-06-14,6,5,member,classic_bike,6125,11.72795144217687,8.491866666666667
2024,2024-06-14,6,5,member,electric_bike,6355,12.77118463414634,9.384549999999999
2024,2024-06-15,6,6,casual,classic_bike,5830,32.319483321898225,18.9039
2024,2024-06-15,6,6,casual,electric_bike,3793,19.829053515247384,12.393116666666666
2024,2024-06-15,6,6,member,classic_bike,5788,15.084749455770561,9.698783333333335
2024,2024-06-15,6,6,member,electric_bike,5804,13.829565233746843,9.846583333333331
2024,2024-06-16,6,7,casual,classic_bike,4607,30.94816029592649,18.584400000000002
2024,2024-06-16,6,7,casual,electric_bike,3573,20.159309380539227,12.065933333333334
2024,2024-06-16,6,7,member,classic_bike,4964,12.976850523771152,9.025625
2024,2024-06-16,6,7,member,electric_bike,5363,13.46326219155945,9.46475
2024,2024-06-17,6,1,casual,classic_bike,2642,27.18332241988393,14.396491666666666
2024,2024-06-17,6,1,casual,electric_bike,2693,15.69448590172051,10.280683333333334
2024,2024-06-17,6,1,member,classic_bike,5480,13.004796818734793,8.823866666666667
2024,2024-06-17,6,1,member,electric_bike,5967,12.403336436511927,9.2191
2024,2024-06-18,6,2,casual,classic_bike,3284,24.29526360129923,14.349725
2024,2024-06-18,6,2,casual,electric_bike,3228,15.543484402106568,10.296458333333334
2024,2024-06-18,6,2,member,classic_bike,6765,11.84950563932003,8.818900000000001
2024,2024-06-18,6,2,member,electric_bike,6681,12.043897894526767,8.986383333333333
2024,2024-06-19,6,3,casual,classic_bike,4094,30.20717837078652,16.966141666666665
2024,2024-06-19,6,3,casual,electric_bike,3690,15.987376603432702,10.692458333333331
2024,2024-06-19,6,3,member,classic_bike,5868,13.197983807657351,8.902341666666668
2024,2024-06-19,6,3,member,electric_bike,6278,12.86583086439418,9.254058333333333
2024,2024-06-20,6,4,casual,classic_bike,2972,28.516235234410043,14.151983333333334
2024,2024-06-20,6,4,casual,electric_bike,3310,14.953970926485399,10.446208333333333
2024,2024-06-20,6,4,member,classic_bike,6228,13.53366762470563,8.814841666666666
2024,2024-06-20,6,4,member,electric_bike,6831,12.366090862733614,9.380683333333334
2024,2024-06-21,6,5,casual,classic_bike,3396,26.438104976442872,14.930275000000002
2024,2024-06-21,6,5,casual,electric_bike,3627,15.364482988695892,10.677833333333332
2024,2024-06-21,6,5,member,classic_bike,5369,12.033433084994101,8.294366666666667
2024,2024-06-21,6,5,member,electric_bike,6819,11.981892955956393,8.961933333333333
2024,2024-06-22,6,6,casual,classic_bike,4153,29.58403497471707,16.159883333333333
2024,2024-06-22,6,6,casual,electric_bike,4140,16.475577878421902,10.923608333333334
2024,2024-06-22,6,6,member,classic_bike,4661,13.3939286705285,8.873216666666668
2024,2024-06-22,6,6,member,electric_bike,6049,12.14668725684686,8.927583333333333
2024,2024-06-23,6,7,casual,classic_bike,3242,30.924825827678387,16.133958333333332
2024,2024-06-23,6,7,casual,electric_bike,3465,16.19450083213083,10.548616666666668
2024,2024-06-23,6,7,member,classic_bike,4148,11.769476277724205,8.041775
2024,2024-06-23,6,7,member,electric_bike,5601,12.075697280247574,8.821066666666667
2024,2024-06-24,6,1,casual,classic_bike,2987,26.785410077000336,14.85215
2024,2024-06-24,6,1,casual,electric_bike,2935,15.70588165814878,10.561
2024,2024-06-24,6,1,member,classic_bike,5787,11.68051884972064,8.574116666666667
2024,2024-06-24,6,1,member,electric_bike,6212,12.250803096157972,9.007833333333332
2024,2024-06-25,6,2,casual,classic_bike,3028,25.16858434610304,14.9642
2024,2024-06-25,6,2,casual,electric_bike,3215,15.136103955417315,10.509633333333333
2024,2024-06-25,6,2,member,classic_bike,6846,12.539492024539877,8.937975
2024,2024-06-25,6,2,member,electric_bike,6748,12.465585249950603,9.251066666666667
2024,2024-06-26,6,3,casual,classic_bike,2756,24.609582873730044,13.760758333333332
2024,2024-06-26,6,3,casual,electric_bike,3304,14.248870222962067,9.961208333333332
2024,2024-06-26,6,3,member,classic_bike,5914,12.301109860782324,8.684225000000001
2024,2024-06-26,6,3,member,electric_bike,6753,12.052128083814601,9.180766666666667
2024,2024-06-27,6,4,casual,classic_bike,3092,25.84022523178094,14.378333333333334
2024,2024-06-27,6,4,casual,electric_bike,3595,14.71732264255911,10.446083333333332
2024,2024-06-27,6,4,member,classic_bike,6191,11.828158999623108,9.001333333333333
2024,2024-06-27,6,4,member,electric_bike,7405,12.329979835696601,9.245333333333333
2024,2024-06-28,6,5,casual,classic_bike,3708,28.657061560589717,16.260175
2024,2024-06-28,6,5,casual,electric_bike,3834,16.044753499391412,10.620916666666666
2024,2024-06-28,6,5,member,classic_bike,5816,12.255136926868408,9.0029
2024,2024-06-28,6,5,member,electric_bike,7045,12.789615303998108,9.507033333333334
2024,2024-06-29,6,6,casual,classic_bike,4566,30.160231913418016,17.634283333333336
2024,2024-06-29,6,6,casual,electric_bike,4290,17.445022937062937,11.668058333333335
2024,2024-06-29,6,6,member,classic_bike,5260,13.152878995564004,8.786166666666666
2024,2024-06-29,6,6,member,electric_bike,6415,12.413445910626137,9.142333333333333
2024,2024-06-30,6,7,casual,classic_bike,3414,30.976477050380783,17.24950833333333
2024,2024-06-30,6,7,casual,electric_bike,3349,16.52812907335523,10.696166666666667
2024,2024-06-30,6,7,member,classic_bike,4311,13.1061629745612,8.505133333333333
2024,2024-06-30,6,7,member,electric_bike,5578,12.062251933189911,8.42425
2024,2024-07-01,7,1,casual,classic_bike,3230,28.042970196078432,16.921966666666666
2024,2024-07-01,7,1,casual,electric_bike,3278,16.454341087044945,10.154325
2024,2024-07-01,7,1,member,classic_bike,6080,12.396903300438597,8.923741666666668
2024,2024-07-01,7,1,member,electric_bike,6502,11.910579232031171,8.955841666666666
2024,2024-07-02,7,2,casual,classic_bike,3403,29.596305132726023,15.747533333333333
2024,2024-07-02,7,2,casual,electric_bike,3361,17.023693141922045,10.6721
2024,2024-07-02,7,2,member,classic_bike,6439,12.528416418180878,9.1234
2024,2024-07-02,7,2,member,electric_bike,6975,12.256598112305856,9.283383333333335
2024,2024-07-03,7,3,casual,classic_bike,3968,28.76048395917339,16.557958333333332
2024,2024-07-03,7,3,casual,electric_bike,3780,15.56831832451499,10.667575
2024,2024-07-03,7,3,member,classic_bike,6224,13.703245423628962,8.938066666666668
2024,2024-07-03,7,3,member,electric_bike,6971,12.171892258403865,8.950333333333333
2024,2024-07-04,7,4,casual,classic_bike,6093,36.717263159910274,20.273633333333333
2024,2024-07-04,7,4,casual,electric_bike,4436,21.582714186955215,13.021016666666668
2024,2024-07-04,7,4,member,classic_bike,4314,16.126510983619223,9.729958333333332
2024,2024-07-04,7,4,member,electric_bike,5669,13.712934344681603,9.374583333333334
2024,2024-07-05,7,5,casual,classic_bike,4349,30.641713577833983,18.23163333333333
2024,2024-07-05,7,5,casual,electric_bike,3828,18.229065177638454,10.982166666666668
2024,2024-07-05,7,5,member,classic_bike,4225,12.707869372781067,8.135466666666666
2024,2024-07-05,7,5,member,electric_bike,5679,12.01700754534249,8.840216666666667
2024,2024-07-06,7,6,casual,classic_bike,4197,29.761579926137717,17.520416666666666
2024,2024-07-06,7,6,casual,electric_bike,3579,18.13504193908913,10.989366666666665
2024,2024-07-06,7,6,member,classic_bike,3985,11.937652735257215,8.239466666666667
2024,2024-07-06,7,6,member,electric_bike,5420,12.588563345633457,8.784541666666666
2024,2024-07-07,7,7,casual,classic_bike,3192,29.630717815371764,16.369391666666665
2024,2024-07-07,7,7,casual,electric_bike,3388,17.608854579889805,10.912358333333334
2024,2024-07-07,7,7,member,classic_bike,4116,12.43445836977648,8.368016666666666
2024,2024-07-07,7,7,member,electric_bike,5425,12.179764122887864,8.449966666666667
2024,2024-07-08,7,1,casual,classic_bike,2492,25.72271426565008,13.888925
2024,2024-07-08,7,1,casual,electric_bike,3075,15.492576720867207,10.043000000000001
2024,2024-07-08,7,1,member,classic_bike,5364,11.655283836689039,8.125266666666667
2024,2024-07-08,7,1,member,electric_bike,6361,11.868018498139707,8.751233333333333
2024,2024-07-09,7,2,casual,classic_bike,2655,26.27616944130571,14.163499999999999
2024,2024-07-09,7,2,casual,electric_bike,3274,14.696950300346161,9.981691666666666
2024,2024-07-09,7,2,member,classic_bike,5890,11.691673013582342,8.649799999999999
2024,2024-07-09,7,2,member,electric_bike,6975,11.583669612903225,8.805383333333333
2024,2024-07-10,7,3,casual,classic_bike,2561,23.370365892229596,13.005566666666665
2024,2024-07-10,7,3,casual,electric_bike,3268,14.366530283557731,9.831916666666668
2024,2024-07-10,7,3,member,classic_bike,5575,11.897699091180868,8.595566666666667
2024,2024-07-10,7,3,member,electric_bike,6943,11.53550217005137,8.746483333333334
2024,2024-07-11,7,4,casual,classic_bike,3352,29.46864522673031,15.69025
2024,2024-07-11,7,4,casual,electric_bike,3940,15.134355418781727,10.536349999999999
2024,2024-07-11,7,4,member,classic_bike,6034,13.339229643133356,8.843333333333334
2024,2024-07-11,7,4,member,electric_bike,7407,12.57261692093065,9.513066666666667
2024,2024-07-12,7,5,casual,classic_bike,2240,24.15760311755952,13.452983333333332
2024,2024-07-12,7,5,casual,electric_bike,3031,14.689721698009459,9.949233333333332
2024,2024-07-12,7,5,member,classic_bike,4503,11.70865767266267,8.272633333333333
2024,2024-07-12,7,5,member,electric_bike,6214,11.624392734148698,8.608033333333335
2024,2024-07-13,7,6,casual,classic_bike,4594,32.64030912059208,19.171491666666668
2024,2024-07-13,7,6,casual,electric_bike,4058,17.003212592410055,11.10565
2024,2024-07-13,7,6,member,classic_bike,4987,14.248963167569013,9.047783333333333
2024,2024-07-13,7,6,member,electric_bike,6404,12.71658283885072,9.224225
2024,2024-07-14,7,7,casual,classic_bike,3549,30.5320543721236,15.55175
2024,2024-07-14,7,7,casual,electric_bike,3780,15.723138077601408,10.217600000000001
2024,2024-07-14,7,7,member,classic_bike,4303,12.120476702300719,8.27505
2024,2024-07-14,7,7,member,electric_bike,6172,11.927200116115792,8.507291666666667
2024,2024-07-15,7,1,casual,classic_bike,2500,27.71064249333333,13.972158333333333
2024,2024-07-15,7,1,casual,electric_bike,2814,14.15360322198531,9.600666666666667
2024,2024-07-15,7,1,member,classic_bike,5091,11.23423274078439,7.985533333333334
2024,2024-07-15,7,1,member,electric_bike,6197,11.557052226883975,8.6028
2024,2024-07-16,7,2,casual,classic_bike,2662,24.507346844477837,13.301174999999999
2024,2024-07-16,7,2,casual,electric_bike,2994,13.926404926519705,9.687075
2024,2024-07-16,7,2,member,classic_bike,5842,11.96377205865571,8.458766666666666
2024,2024-07-16,7,2,member,electric_bike,6754,11.818677924193072,8.835774999999998
2024,2024-07-17,7,3,casual,classic_bike,1907,24.702686846705127,12.943066666666665
2024,2024-07-17,7,3,casual,electric_bike,2730,13.964946947496946,9.323933333333333
2024,2024-07-17,7,3,member,classic_bike,4998,11.09011050420168,8.279575000000001
2024,2024-07-17,7,3,member,electric_bike,6154,11.302062260318491,8.657008333333334
2024,2024-07-18,7,4,casual,classic_bike,3184,25.571579297529315,15.013916666666667
2024,2024-07-18,7,4,casual,electric_bike,3534,14.844183342765515,10.172725
2024,2024-07-18,7,4,member,classic_bike,6552,12.147024799043546,8.755741666666665
2024,2024-07-18,7,4,member,electric_bike,7369,12.126085658388746,9.166683333333333
2024,2024-07-19,7,5,casual,classic_bike,4053,27.499034978205444,16.1034
2024,2024-07-19,7,5,casual,electric_bike,4099,15.607534829633241,10.554033333333333
2024,2024-07-19,7,5,member,classic_bike,6056,12.329884172721268,8.725058333333333
2024,2024-07-19,7,5,member,electric_bike,7099,12.274000950838147,9.144933333333334
2024,2024-07-20,7,6,casual,classic_bike,4727,30.03226850363162,17.3934
2024,2024-07-20,7,6,casual,electric_bike,3811,18.54767587684772,11.35455
2024,2024-07-20,7,6,member,classic_bike,4659,13.15120402446877,8.804966666666667
2024,2024-07-20,7,6,member,electric_bike,5839,12.358088288519726,9.001366666666666
2024,2024-07-21,7,7,casual,classic_bike,4711,31.862676972334253,19.518416666666667
2024,2024-07-21,7,7,casual,electric_bike,3921,18.066378066819688,11.5988
2024,2024-07-21,7,7,member,classic_bike,4751,13.499899943871466,8.663083333333333
2024,2024-07-21,7,7,member,electric_bike,5976,12.793434264837124,8.904725
2024,2024-07-22,7,1,casual,classic_bike,2180,24.40876672782875,14.621675
2024,2024-07-22,7,1,casual,electric_bike,2416,14.121329076986754,9.244066666666667
2024,2024-07-22,7,1,member,classic_bike,4350,12.840800812260536,8.346374999999998
2024,2024-07-22,7,1,member,electric_bike,5605,11.566976526910496,8.50635
2024,2024-07-23,7,2,casual,classic_bike,3104,26.29772422143471,14.526858333333333
2024,2024-07-23,7,2,casual,electric_bike,3364,16.051995228894175,10.443758333333331
2024,2024-07-23,7,2,member,classic_bike,6462,12.583199920045395,9.1414
2024,2024-07-23,7,2,member,electric_bike,6857,11.773597673909874,9.03885
2024,2024-07-24,7,3,casual,classic_bike,3259,27.58505817224097,15.748566666666667
2024,2024-07-24,7,3,casual,electric_bike,3514,15.97215604249668,10.454058333333332
2024,2024-07-24,7,3,member,classic_bike,6168,13.395814869757888,8.919075
2024,2024-07-24,7,3,member,electric_bike,6847,12.131438218684583,9.334966666666666
2024,2024-07-25,7,4,casual,classic_bike,3253,25.73018002869146,14.57195
2024,2024-07-25,7,4,casual,electric_bike,3848,16.000106444906443,10.61585
2024,2024-07-25,7,4,member,classic_bike,6021,12.140943749653987,8.893049999999999
2024,2024-07-25,7,4,member,electric_bike,7376,12.014813202729572,9.118733333333333
2024,2024-07-26,7,5,casual,classic_bike,3959,28.951332226151386,16.393866666666664
2024,2024-07-26,7,5,casual,electric_bike,4468,16.314584098030437,10.6937
2024,2024-07-26,7,5,member,classic_bike,5664,11.713591649011299,8.421983333333333
2024,2024-07-26,7,5,member,electric_bike,7519,12.448658757813538,9.177716666666667
2024,2024-07-27,7,6,casual,classic_bike,5756,32.91242526349316,20.102191666666666
2024,2024-07-27,7,6,casual,electric_bike,5254,18.186980862200226,11.650366666666667
2024,2024-07-27,7,6,member,classic_bike,5482,14.491137413352792,9.094725
2024,2024-07-27,7,6,member,electric_bike,6766,12.837632692876145,9.26025
2024,2024-07-28,7,7,casual,classic_bike,4669,31.022746665952734,18.8205
2024,2024-07-28,7,7,casual,electric_bike,4501,17.80844374583426,11.5023
2024,2024-07-28,7,7,member,classic_bike,4687,13.25496754853851,8.904783333333334
2024,2024-07-28,7,7,member,electric_bike,6299,12.720342604646241,8.961983333333334
2024,2024-07-29,7,1,casual,classic_bike,2727,25.725153654809926,15.545066666666665
2024,2024-07-29,7,1,casual,electric_bike,3337,16.612918889221856,10.5966
2024,2024-07-29,7,1,member,classic_bike,5227,11.76707964734392,8.451966666666667
2024,2024-07-29,7,1,member,electric_bike,6660,11.937941579079078,8.920758333333335
2024,2024-07-30,7,2,casual,classic_bike,3069,25.71240036385359,15.226183333333333
2024,2024-07-30,7,2,casual,electric_bike,3676,15.44855637921654,10.212683333333334
2024,2024-07-30,7,2,member,classic_bike,6084,11.984825734166119,8.732808333333335
2024,2024-07-30,7,2,member,electric_bike,7405,11.961269153724961,9.178283333333333
2024,2024-07-31,7,3,casual,classic_bike,2636,25.437035198533128,14.680191666666666
2024,2024-07-31,7,3,casual,electric_bike,3507,15.461365155403477,10.007183333333334
2024,2024-07-31,7,3,member,classic_bike,5529,11.80208005064207,8.642116666666668
2024,2024-07-31,7,3,member,electric_bike,7275,11.716789408934707,8.879366666666666
2024,2024-08-01,8,4,casual,classic_bike,2769,25.69745169134465,14.64405
2024,2024-08-01,8,4,casual,electric_bike,4004,15.001044955044957,9.934433333333335
2024,2024-08-01,8,4,member,classic_bike,5406,12.529478409791588,8.542125
2024,2024-08-01,8,4,member,electric_bike,7932,11.742087521011934,8.8498
2024,2024-08-02,8,5,casual,classic_bike,2669,24.182358080429623,13.86525
2024,2024-08-02,8,5,casual,electric_bike,4611,15.41087422106557,9.724583333333333
2024,2024-08-02,8,5,member,classic_bike,4581,11.667354416794005,8.045233333333334
2024,2024-08-02,8,5,member,electric_bike,7955,11.477508242195684,8.520466666666668
2024,2024-08-03,8,6,casual,classic_bike,3222,30.84540067246017,17.55378333333333
2024,2024-08-03,8,6,casual,electric_bike,4256,16.17263474702381,10.298383333333334
2024,2024-08-03,8,6,member,classic_bike,3751,12.791850324357949,8.594316666666666
2024,2024-08-03,8,6,member,electric_bike,6457,11.68905672396882,8.46655
2024,2024-08-04,8,7,casual,classic_bike,3511,31.32796747365423,18.65275
2024,2024-08-04,8,7,casual,electric_bike,4551,17.665385922507873,10.890616666666666
2024,2024-08-04,8,7,member,classic_bike,3939,12.840799365321148,8.413683333333333
2024,2024-08-04,8,7,member,electric_bike,6710,12.08175798062593,8.4021
2024,2024-08-05,8,1,casual,classic_bike,2567,29.864125262952864,17.210716666666666
2024,2024-08-05,8,1,casual,electric_bike,3711,15.073150651217102,10.06155
2024,2024-08-05,8,1,member,classic_bike,4781,12.435515380324897,8.49705
2024,2024-08-05,8,1,member,electric_bike,7531,11.606111459301554,8.63895
2024,2024-08-06,8,2,casual,classic_bike,2650,28.28902311320755,15.137091666666667
2024,2024-08-06,8,2,casual,electric_bike,4062,14.73639827260791,9.855049999999999
2024,2024-08-06,8,2,member,classic_bike,5274,11.719251166097838,8.701825
2024,2024-08-06,8,2,member,electric_bike,8008,11.81941350940726,8.927783333333334
2024,2024-08-07,8,3,casual,classic_bike,2641,25.50426036223653,14.6899
2024,2024-08-07,8,3,casual,electric_bike,4016,14.504585566069057,9.660758333333334
2024,2024-08-07,8,3,member,classic_bike,5379,11.223106872405033,8.4708
2024,2024-08-07,8,3,member,electric_bike,8005,11.377036139912555,8.590083333333332
2024,2024-08-08,8,4,casual,classic_bike,1233,22.076858137334415,13.084883333333332
2024,2024-08-08,8,4,casual,electric_bike,2399,12.649560295956649,8.823233333333333
2024,2024-08-08,8,4,member,classic_bike,3082,11.040117764438676,7.967383333333332
2024,2024-08-08,8,4,member,electric_bike,5374,10.3968662883017,7.887841666666667
2024,2024-08-09,8,5,casual,classic_bike,1688,25.359852596761453,14.419725
2024,2024-08-09,8,5,casual,electric_bike,2932,13.776306059572534,9.415175
2024,2024-08-09,8,5,member,classic_bike,2936,10.926182816757493,8.0123
2024,2024-08-09,8,5,member,electric_bike,5651,11.297009844865215,8.184016666666666
2024,2024-08-10,8,6,casual,classic_bike,4482,32.55069086345381,19.172633333333334
2024,2024-08-10,8,6,casual,electric_bike,5594,18.297921907400784,11.062266666666666
2024,2024-08-10,8,6,member,classic_bike,4430,14.096902148231752,9.480483333333332
2024,2024-08-10,8,6,member,electric_bike,7111,11.884929590306099,8.63155
2024,2024-08-11,8,7,casual,classic_bike,3970,33.28989580184719,20.440066666666667
2024,2024-08-11,8,7,casual,electric_bike,4881,19.43616307109199,11.699333333333334
2024,2024-08-11,8,7,member,classic_bike,4373,13.528880840765304,9.19225
2024,2024-08-11,8,7,member,electric_bike,6658,12.560898463001903,8.778858333333334
2024,2024-08-12,8,1,casual,classic_bike,2990,26.57923604793757,16.73245
2024,2024-08-12,8,1,casual,electric_bike,4118,16.05917581754897,10.6114
2024,2024-08-12,8,1,member,classic_bike,4918,13.04950389047038,8.9226
2024,2024-08-12,8,1,member,electric_bike,7686,12.059268999913261,8.733725
2024,2024-08-13,8,2,casual,classic_bike,3086,29.548562238064374,16.250125
2024,2024-08-13,8,2,casual,electric_bike,4218,15.526185692271218,10.294708333333332
2024,2024-08-13,8,2,member,classic_bike,5859,12.017849900438074,8.804433333333332
2024,2024-08-13,8,2,member,electric_bike,7965,11.985422665829672,8.971066666666667
2024,2024-08-14,8,3,casual,classic_bike,3205,28.062941976079046,15.669233333333333
2024,2024-08-14,8,3,casual,electric_bike,4324,15.12394966466235,10.547474999999999
2024,2024-08-14,8,3,member,classic_bike,5923,13.205411686082503,9.038433333333334
2024,2024-08-14,8,3,member,electric_bike,8274,11.810215778341794,8.952508333333334
2024,2024-08-15,8,4,casual,classic_bike,3407,28.633087574601316,16.259533333333334
2024,2024-08-15,8,4,casual,electric_bike,4361,15.299424738209892,10.406666666666666
2024,2024-08-15,8,4,member,classic_bike,5786,13.102122776241504,8.935933333333333
2024,2024-08-15,8,4,member,electric_bike,8045,11.60503563704164,8.946283333333334
2024,2024-08-16,8,5,casual,classic_bike,3877,26.16677947725905,15.468883333333334
2024,2024-08-16,8,5,casual,electric_bike,4403,15.683698758422286,10.481016666666667
2024,2024-08-16,8,5,member,classic_bike,5559,11.897772677939678,8.596016666666666
2024,2024-08-16,8,5,member,electric_bike,7683,11.748574732092498,8.707583333333334
2024,2024-08-17,8,6,casual,classic_bike,4684,31.709769822801025,18.805058333333335
2024,2024-08-17,8,6,casual,electric_bike,4323,17.172492848330634,11.030283333333333
2024,2024-08-17,8,6,member,classic_bike,4746,15.658935538699255,9.299083333333334
2024,2024-08-17,8,6,member,electric_bike,6475,12.033216082368082,8.741083333333334
2024,2024-08-18,8,7,casual,classic_bike,3797,30.724626231235188,17.943516666666667
2024,2024-08-18,8,7,casual,electric_bike,4015,16.852220269821505,10.70325
2024,2024-08-18,8,7,member,classic_bike,4449,14.547344006143701,8.930633333333333
2024,2024-08-18,8,7,member,electric_bike,6398,12.429633474002292,8.764858333333333
2024,2024-08-19,8,1,casual,classic_bike,2738,27.806406348916482,16.70955
2024,2024-08-19,8,1,casual,electric_bike,3429,15.17897557596967,10.19395
2024,2024-08-19,8,1,member,classic_bike,5117,11.862115468047685,8.666533333333332
2024,2024-08-19,8,1,member,electric_bike,7107,11.473201615777871,8.6105
2024,2024-08-20,8,2,casual,classic_bike,3149,26.608581951942416,15.917399999999999
2024,2024-08-20,8,2,casual,electric_bike,3646,14.306441209544706,10.236391666666666
2024,2024-08-20,8,2,member,classic_bike,6492,13.060778250154037,9.3433
2024,2024-08-20,8,2,member,electric_bike,7860,11.892084077608143,8.980391666666666
2024,2024-08-21,8,3,casual,classic_bike,3288,24.758871857258715,15.166258333333332
2024,2024-08-21,8,3,casual,electric_bike,4027,15.442866120354276,10.462933333333332
2024,2024-08-21,8,3,member,classic_bike,6565,12.222302688499619,9.103366666666666
2024,2024-08-21,8,3,member,electric_bike,7819,12.205987261798185,9.047866666666666
2024,2024-08-22,8,4,casual,classic_bike,3225,25.125975679586563,14.9211
2024,2024-08-22,8,4,casual,electric_bike,4048,14.957033971508563,10.365816666666667
2024,2024-08-22,8,4,member,classic_bike,6371,13.354824666457386,9.05185
2024,2024-08-22,8,4,member,electric_bike,8187,11.937902461219005,8.954483333333334
2024,2024-08-23,8,5,casual,classic_bike,3631,27.794603410447074,16.357433333333333
2024,2024-08-23,8,5,casual,electric_bike,4739,16.368222571569248,10.632966666666666
2024,2024-08-23,8,5,member,classic_bike,5700,12.830924678362573,8.845575
2024,2024-08-23,8,5,member,electric_bike,8273,12.121631542366734,8.914283333333334
2024,2024-08-24,8,6,casual,classic_bike,5247,31.703739648052856,18.391516666666668
2024,2024-08-24,8,6,casual,electric_bike,5653,18.83438899404446,11.929583333333333
2024,2024-08-24,8,6,member,classic_bike,5550,14.430695555555555,9.716999999999999
2024,2024-08-24,8,6,member,electric_bike,7575,12.880565984598459,9.2188
2024,2024-08-25,8,7,casual,classic_bike,4143,31.196061416847694,17.853916666666667
2024,2024-08-25,8,7,casual,electric_bike,4877,17.90720066297587,11.451466666666667
2024,2024-08-25,8,7,member,classic_bike,4982,13.010469757794727,9.028883333333333
2024,2024-08-25,8,7,member,electric_bike,7213,12.757108443088867,9.071383333333333
2024,2024-08-26,8,1,casual,classic_bike,2490,25.450803969210178,14.354708333333333
2024,2024-08-26,8,1,casual,electric_bike,3829,14.631570457908941,9.855616666666666
2024,2024-08-26,8,1,member,classic_bike,5584,11.722111876193887,8.723383333333334
2024,2024-08-26,8,1,member,electric_bike,7969,11.800290764211319,8.958666666666666
2024,2024-08-27,8,2,casual,classic_bike,2596,23.958308082948125,13.96895
2024,2024-08-27,8,2,casual,electric_bike,4009,14.324601247193813,9.7636
2024,2024-08-27,8,2,member,classic_bike,6387,12.517809180105422,8.974333333333334
2024,2024-08-27,8,2,member,electric_bike,8786,11.814006115790272,9.0824
2024,2024-08-28,8,3,casual,classic_bike,2311,22.36502611423626,13.254533333333335
2024,2024-08-28,8,3,casual,electric_bike,3981,13.886210156577073,9.902866666666666
2024,2024-08-28,8,3,member,classic_bike,5711,11.885045841358783,8.274616666666667
2024,2024-08-28,8,3,member,electric_bike,8780,11.22267882118451,8.673491666666667
2024,2024-08-29,8,4,casual,classic_bike,1625,21.48429361025641,13.120149999999999
2024,2024-08-29,8,4,casual,electric_bike,3098,13.06981760813428,8.722458333333334
2024,2024-08-29,8,4,member,classic_bike,4225,13.094673270216964,8.10655
2024,2024-08-29,8,4,member,electric_bike,7261,10.777014419501446,8.510183333333334
2024,2024-08-30,8,5,casual,classic_bike,2157,27.076554357904495,14.549016666666667
2024,2024-08-30,8,5,casual,electric_bike,3751,14.236010552741492,10.007066666666667
2024,2024-08-30,8,5,member,classic_bike,4409,11.807253492855521,8.537183333333333
2024,2024-08-30,8,5,member,electric_bike,7549,11.357968145891288,8.485483333333333
2024,2024-08-31,8,6,casual,classic_bike,4254,32.1457395745181,19.018549999999998
2024,2024-08-31,8,6,casual,electric_bike,5009,18.617608035536033,11.410433333333334
2024,2024-08-31,8,6,member,classic_bike,4415,13.83349953567384,9.334483333333333
2024,2024-08-31,8,6,member,electric_bike,7104,12.650402515015015,8.907833333333333
2024,2024-09-01,9,7,casual,classic_bike,4434,32.61996317471057,20.168583333333334
2024,2024-09-01,9,7,casual,electric_bike,5294,19.262043517818913,12.211316666666665
2024,2024-09-01,9,7,member,classic_bike,4237,14.338995452757453,9.380266666666667
2024,2024-09-01,9,7,member,electric_bike,6800,12.434265752450981,8.693666666666665
2024,2024-09-02,9,1,casual,classic_bike,4333,35.651234575736595,21.6474
2024,2024-09-02,9,1,casual,electric_bike,4975,19.534802254606365,11.806849999999999
2024,2024-09-02,9,1,member,classic_bike,4704,16.570608312074828,9.729416666666665
2024,2024-09-02,9,1,member,electric_bike,6774,12.843181192795983,8.780216666666666
2024,2024-09-03,9,2,casual,classic_bike,2511,24.64978873622727,15.12075
2024,2024-09-03,9,2,casual,electric_bike,4085,14.871934683802529,10.421600000000002
2024,2024-09-03,9,2,member,classic_bike,6397,12.339664123808035,9.246683333333333
2024,2024-09-03,9,2,member,electric_bike,8594,11.523117841905206,8.779641666666667
2024,2024-09-04,9,3,casual,classic_bike,2795,23.914954925462137,14.416716666666668
2024,2024-09-04,9,3,casual,electric_bike,4214,14.460841172282867,10.297358333333333
2024,2024-09-04,9,3,member,classic_bike,6907,12.347273128710004,9.09865
2024,2024-09-04,9,3,member,electric_bike,9253,11.57380632047264,9.1411
2024,2024-09-05,9,4,casual,classic_bike,2712,24.778473531219273,14.008791666666667
2024,2024-09-05,9,4,casual,electric_bike,4100,13.674836813008131,10.072516666666667
2024,2024-09-05,9,4,member,classic_bike,6396,12.209802769960392,9.009366666666665
2024,2024-09-05,9,4,member,electric_bike,8922,11.411124607711274,8.889924999999998
2024,2024-09-06,9,5,casual,classic_bike,3238,26.60740758184064,15.2336
2024,2024-09-06,9,5,casual,electric_bike,4635,15.333491035598705,10.164433333333333
2024,2024-09-06,9,5,member,classic_bike,6035,12.53118871306269,8.833016666666667
2024,2024-09-06,9,5,member,electric_bike,9459,11.775114665045637,8.821850000000001
2024,2024-09-07,9,6,casual,classic_bike,4362,32.388439160171174,17.290908333333334
2024,2024-09-07,9,6,casual,electric_bike,5444,16.884724892848396,11.029816666666665
2024,2024-09-07,9,6,member,classic_bike,5502,15.222236065673087,9.376491666666666
2024,2024-09-07,9,6,member,electric_bike,8417,12.005560453051363,8.793116666666666
2024,2024-09-08,9,7,casual,classic_bike,4263,30.285458820079754,18.03308333333333
2024,2024-09-08,9,7,casual,electric_bike,5359,18.37447178578093,11.702666666666666
2024,2024-09-08,9,7,member,classic_bike,5458,13.940190145963113,9.280033333333332
2024,2024-09-08,9,7,member,electric_bike,7761,12.469502836833742,8.94905
2024,2024-09-09,9,1,casual,classic_bike,2607,24.861638326300984,15.345666666666666
2024,2024-09-09,9,1,casual,electric_bike,3926,14.871872728816435,9.885991666666666
2024,2024-09-09,9,1,member,classic_bike,6237,12.357591251135695,8.7575
2024,2024-09-09,9,1,member,electric_bike,8751,11.694557721022358,8.7211
2024,2024-09-10,9,2,casual,classic_bike,3093,25.815301023817224,15.313766666666668
2024,2024-09-10,9,2,casual,electric_bike,4359,14.370954400856466,10.38295
2024,2024-09-10,9,2,member,classic_bike,7517,12.037679284732382,9.0635
2024,2024-09-10,9,2,member,electric_bike,9796,12.253004736627195,9.352091666666666
2024,2024-09-11,9,3,casual,classic_bike,3029,28.201080296027293,15.737216666666665
2024,2024-09-11,9,3,casual,electric_bike,4532,15.50715314430715,10.268899999999999
2024,2024-09-11,9,3,member,classic_bike,7144,13.278609380832401,9.365616666666668
2024,2024-09-11,9,3,member,electric_bike,9628,11.953598997715,9.3892
2024,2024-09-12,9,4,casual,classic_bike,3087,26.668238710722385,15.466800000000001
2024,2024-09-12,9,4,casual,electric_bike,4717,15.040644813087415,10.784566666666667
2024,2024-09-12,9,4,member,classic_bike,6935,12.502081139149244,9.201916666666667
2024,2024-09-12,9,4,member,electric_bike,10084,12.111784472101018,9.497383333333335
2024,2024-09-13,9,5,casual,classic_bike,3446,26.630566482878702,15.979791666666667
2024,2024-09-13,9,5,casual,electric_bike,5183,15.201241118399897,10.83355
2024,2024-09-13,9,5,member,classic_bike,6336,12.34806724537037,8.799466666666667
2024,2024-09-13,9,5,member,electric_bike,10068,12.097748301549464,9.170516666666668
2024,2024-09-14,9,6,casual,classic_bike,5692,30.724700606113846,19.382575000000003
2024,2024-09-14,9,6,casual,electric_bike,6300,18.50739173015873,12.230891666666666
2024,2024-09-14,9,6,member,classic_bike,5876,14.229900399931925,9.971391666666667
2024,2024-09-14,9,6,member,electric_bike,9250,13.076082461261262,9.497991666666667
2024,2024-09-15,9,7,casual,classic_bike,4583,33.455085202560184,18.89561666666667
2024,2024-09-15,9,7,casual,electric_bike,5775,17.94165501875902,11.980483333333332
2024,2024-09-15,9,7,member,classic_bike,5396,13.759624190758586,9.326466666666665
2024,2024-09-15,9,7,member,electric_bike,8413,12.523776191608226,9.167166666666667
2024,2024-09-16,9,1,casual,classic_bike,2811,24.541221676746115,15.697466666666665
2024,2024-09-16,9,1,casual,electric_bike,3605,14.151986953305595,9.909716666666666
2024,2024-09-16,9,1,member,classic_bike,6189,12.455076832552377,8.837349999999999
2024,2024-09-16,9,1,member,electric_bike,8907,11.90144610418772,8.972683333333332
2024,2024-09-17,9,2,casual,classic_bike,1779,22.190182077946414,13.242166666666666
2024,2024-09-17,9,2,casual,electric_bike,3090,12.542613252427184,9.397566666666666
2024,2024-09-17,9,2,member,classic_bike,5307,12.041591253690095,8.847383333333333
2024,2024-09-17,9,2,member,electric_bike,8420,11.327112553444179,8.680250000000001
2024,2024-09-18,9,3,casual,classic_bike,1865,22.774161349419124,14.017683333333334
2024,2024-09-18,9,3,casual,electric_bike,3724,12.64181797350519,9.673283333333334
2024,2024-09-18,9,3,member,classic_bike,5562,12.414542613568262,8.75825
2024,2024-09-18,9,3,member,electric_bike,8808,11.42513272782319,8.837733333333333
2024,2024-09-19,9,4,casual,classic_bike,2949,24.303686927772123,14.341883333333334
2024,2024-09-19,9,4,casual,electric_bike,4687,14.739801642841902,10.526116666666667
2024,2024-09-19,9,4,member,classic_bike,7190,12.50885488641632,9.174166666666668
2024,2024-09-19,9,4,member,electric_bike,10321,12.001895720698897,9.177883333333334
2024,2024-09-20,9,5,casual,classic_bike,3619,24.511613719259465,15.220966666666667
2024,2024-09-20,9,5,casual,electric_bike,5421,14.694989224005411,10.556783333333334
2024,2024-09-20,9,5,member,classic_bike,6445,12.124456092578225,8.7937
2024,2024-09-20,9,5,member,electric_bike,10148,12.352184678425964,9.289625000000001
2024,2024-09-21,9,6,casual,classic_bike,5286,30.95208425400429,18.410674999999998
2024,2024-09-21,9,6,casual,electric_bike,6246,17.85919408955065,12.182508333333335
2024,2024-09-21,9,6,member,classic_bike,5974,14.23914477457873,9.683616666666666
2024,2024-09-21,9,6,member,electric_bike,9079,13.005700761831331,9.57575
2024,2024-09-22,9,7,casual,classic_bike,3925,31.570868208067942,18.2958
2024,2024-09-22,9,7,casual,electric_bike,4830,16.924106073153897,11.194175000000001
2024,2024-09-22,9,7,member,classic_bike,5239,13.508292928039701,9.074466666666666
2024,2024-09-22,9,7,member,electric_bike,7983,12.464607363564241,8.952499999999999
2024,2024-09-23,9,1,casual,classic_bike,1891,23.743799735589636,14.336433333333334
2024,2024-09-23,9,1,casual,electric_bike,2983,13.038768599843555,9.0236
2024,2024-09-23,9,1,member,classic_bike,5131,11.672782563502892,8.220566666666667
2024,2024-09-23,9,1,member,electric_bike,8046,10.984088018891374,8.390699999999999
2024,2024-09-24,9,2,casual,classic_bike,1357,28.68276888970769,12.284600000000001
2024,2024-09-24,9,2,casual,electric_bike,2793,12.113718003341688,9.145616666666665
2024,2024-09-24,9,2,member,classic_bike,4420,10.761632236048266,8.197558333333333
2024,2024-09-24,9,2,member,electric_bike,7431,11.148880440048446,8.554633333333333
2024,2024-09-25,9,3,casual,classic_bike,1541,20.422640958252217,12.557033333333333
2024,2024-09-25,9,3,casual,electric_bike,3231,12.555223501495924,9.41515
2024,2024-09-25,9,3,member,classic_bike,5230,11.366537492033142,8.467108333333334
2024,2024-09-25,9,3,member,electric_bike,8467,11.252719680327546,8.69115
2024,2024-09-26,9,4,casual,classic_bike,2314,23.053209939498704,14.156500000000001
2024,2024-09-26,9,4,casual,electric_bike,3985,13.425846290255123,9.539316666666668
2024,2024-09-26,9,4,member,classic_bike,5936,11.633698933063792,8.683008333333333
2024,2024-09-26,9,4,member,electric_bike,9202,11.634600644787366,8.880016666666666
2024,2024-09-27,9,5,casual,classic_bike,1744,22.52601251911315,13.092775
2024,2024-09-27,9,5,casual,electric_bike,3636,13.151247387238724,9.371408333333333
2024,2024-09-27,9,5,member,classic_bike,4390,12.116432585421412,8.124183333333335
2024,2024-09-27,9,5,member,electric_bike,8231,11.352244528813833,8.4847
2024,2024-09-28,9,6,casual,classic_bike,5200,31.94454952564103,19.553283333333333
2024,2024-09-28,9,6,casual,electric_bike,6141,17.329032918091514,11.520716666666667
2024,2024-09-28,9,6,member,classic_bike,6068,14.294659530872334,9.639833333333332
2024,2024-09-28,9,6,member,electric_bike,9240,12.888313127705628,9.296566666666667
2024,2024-09-29,9,7,casual,classic_bike,2791,27.504734903857635,15.667266666666666
2024,2024-09-29,9,7,casual,electric_bike,3922,16.50702003229645,10.461266666666667
2024,2024-09-29,9,7,member,classic_bike,4465,13.559660485255693,8.593816666666667
2024,2024-09-29,9,7,member,electric_bike,6953,11.728022424373172,8.4363
2024,2024-09-30,9,1,casual,classic_bike,1660,22.47190366465864,12.744408333333332
2024,2024-09-30,9,1,casual,electric_bike,3088,12.40202859995682,9.150358333333333
2024,2024-09-30,9,1,member,classic_bike,5014,10.950224006116207,8.039333333333333
2024,2024-09-30,9,1,member,electric_bike,8202,11.087214971958058,8.277275
2024,2024-10-01,10,2,casual,classic_bike,1215,19.476958614540465,11.949333333333334
2024,2024-10-01,10,2,casual,electric_bike,2506,12.299813693801545,8.992433333333334
2024,2024-10-01,10,2,member,classic_bike,4429,11.295066286595922,8.385216666666667
2024,2024-10-01,10,2,member,electric_bike,7272,10.86251701274294,8.142800000000001
2024,2024-10-02,10,3,casual,classic_bike,2164,24.37928334103512,13.298175
2024,2024-10-02,10,3,casual,electric_bike,3660,12.551791438979963,9.491325
2024,2024-10-02,10,3,member,classic_bike,6536,11.433711905854754,8.650525
2024,2024-10-02,10,3,member,electric_bike,9505,11.281203505172716,8.617733333333332
2024,2024-10-03,10,4,casual,classic_bike,2770,24.987840800240676,14.145391666666667
2024,2024-10-03,10,4,casual,electric_bike,4538,14.714225117526077,10.307633333333332
2024,2024-10-03,10,4,member,classic_bike,6799,11.972726521057018,8.798966666666667
2024,2024-10-03,10,4,member,electric_bike,10349,11.959054166264051,9.104183333333333
2024,2024-10-04,10,5,casual,classic_bike,3353,25.42399395069092,15.910033333333333
2024,2024-10-04,10,5,casual,electric_bike,5344,14.383429450474052,10.064208333333333
2024,2024-10-04,10,5,member,classic_bike,6227,11.930052336598683,8.762383333333334
2024,2024-10-04,10,5,member,electric_bike,10568,11.846255798952813,8.9122
2024,2024-10-05,10,6,casual,classic_bike,5455,32.99012858234036,19.933133333333334
2024,2024-10-05,10,6,casual,electric_bike,6660,18.22581241741742,11.968308333333333
2024,2024-10-05,10,6,member,classic_bike,5914,15.377398427460262,10.026133333333334
2024,2024-10-05,10,6,member,electric_bike,9807,12.877185326807384,9.421583333333333
2024,2024-10-06,10,7,casual,classic_bike,4522,32.81675908152735,18.769341666666666
2024,2024-10-06,10,7,casual,electric_bike,5389,17.698016103791673,11.578766666666667
2024,2024-10-06,10,7,member,classic_bike,5256,14.930125558092339,9.200641666666666
2024,2024-10-06,10,7,member,electric_bike,8477,12.831539601274036,9.235066666666667
2024,2024-10-07,10,1,casual,classic_bike,2736,26.165183637914232,15.17115
2024,2024-10-07,10,1,casual,electric_bike,3912,14.109553902522157,9.865758333333336
2024,2024-10-07,10,1,member,classic_bike,6140,12.321054606406081,8.748975
2024,2024-10-07,10,1,member,electric_bike,9480,11.5250338185654,8.771541666666666
2024,2024-10-08,10,2,casual,classic_bike,2793,29.75392178064208,15.93955
2024,2024-10-08,10,2,casual,electric_bike,4185,14.121140669056151,10.063666666666668
2024,2024-10-08,10,2,member,classic_bike,6794,12.2480145446963,9.040283333333333
2024,2024-10-08,10,2,member,electric_bike,10233,11.620055436659174,8.830983333333334
2024,2024-10-09,10,3,casual,classic_bike,2815,27.784964008288927,14.964550000000001
2024,2024-10-09,10,3,casual,electric_bike,4280,13.765875654205606,9.974433333333334
2024,2024-10-09,10,3,member,classic_bike,6826,13.083818944721164,8.888750000000002
2024,2024-10-09,10,3,member,electric_bike,10118,11.685259973973777,9.024591666666668
2024,2024-10-10,10,4,casual,classic_bike,2796,26.00070311754888,15.40085
2024,2024-10-10,10,4,casual,electric_bike,4218,14.031995234708393,10.113308333333334
2024,2024-10-10,10,4,member,classic_bike,6414,11.729577858330735,8.667966666666667
2024,2024-10-10,10,4,member,electric_bike,9830,11.743387214309935,9.039691666666666
2024,2024-10-11,10,5,casual,classic_bike,3231,29.506229531620757,17.8116
2024,2024-10-11,10,5,casual,electric_bike,5029,15.777784158547094,10.503916666666667
2024,2024-10-11,10,5,member,classic_bike,5309,12.061076640296351,8.4335
2024,2024-10-11,10,5,member,electric_bike,9565,11.8862275326712,8.80055
2024,2024-10-12,10,6,casual,classic_bike,4992,33.28560729166667,21.297216666666664
2024,2024-10-12,10,6,casual,electric_bike,6055,19.372843914120562,12.082233333333333
2024,2024-10-12,10,6,member,classic_bike,4656,14.183723926116839,9.4849
2024,2024-10-12,10,6,member,electric_bike,8745,13.084693413379075,9.432383333333332
2024,2024-10-13,10,7,casual,classic_bike,5081,35.80810824640819,22.02145
2024,2024-10-13,10,7,casual,electric_bike,5752,19.097317564904962,12.0496
2024,2024-10-13,10,7,member,classic_bike,4740,14.940445270745428,9.634516666666666
2024,2024-10-13,10,7,member,electric_bike,8633,13.252321110853702,9.337950000000001
2024,2024-10-14,10,1,casual,classic_bike,2527,30.694390588312885,17.275683333333333
2024,2024-10-14,10,1,casual,electric_bike,4490,15.296291039346697,9.896958333333334
2024,2024-10-14,10,1,member,classic_bike,4428,11.977415989159892,8.270983333333334
2024,2024-10-14,10,1,member,electric_bike,8433,11.092998713387882,7.99445
2024,2024-10-15,10,2,casual,classic_bike,1897,23.915786188719032,13.728016666666667
2024,2024-10-15,10,2,casual,electric_bike,3827,12.691275712045988,9.465616666666667
2024,2024-10-15,10,2,member,classic_bike,5554,11.461355089425039,8.637791666666665
2024,2024-10-15,10,2,member,electric_bike,9646,11.067268308106987,8.614483333333332
2024,2024-10-16,10,3,casual,classic_bike,1936,23.37249660812672,14.083224999999999
2024,2024-10-16,10,3,casual,electric_bike,3953,12.788623256598363,9.402266666666666
2024,2024-10-16,10,3,member,classic_bike,5674,12.26883935788979,8.624666666666666
2024,2024-10-16,10,3,member,electric_bike,9776,10.925753038052372,8.573975
2024,2024-10-17,10,4,casual,classic_bike,2265,23.282754760853567,13.903666666666668
2024,2024-10-17,10,4,casual,electric_bike,4178,13.42081075474709,9.51755
2024,2024-10-17,10,4,member,classic_bike,5745,12.019218250652743,8.715766666666667
2024,2024-10-17,10,4,member,electric_bike,10164,11.25548333989243,8.724083333333333
2024,2024-10-18,10,5,casual,classic_bike,3051,27.893786037364798,16.973383333333334
2024,2024-10-18,10,5,casual,electric_bike,5056,15.122453619462025,10.272191666666666
2024,2024-10-18,10,5,member,classic_bike,5392,11.855529602497528,8.824133333333332
2024,2024-10-18,10,5,member,electric_bike,10389,11.798653080180959,8.786066666666667
2024,2024-10-19,10,6,casual,classic_bike,4980,33.23210445448461,19.248433333333335
2024,2024-10-19,10,6,casual,electric_bike,6464,17.630583604063535,11.743341666666666
2024,2024-10-19,10,6,member,classic_bike,5387,14.169114986696368,9.7605
2024,2024-10-19,10,6,member,electric_bike,9800,13.02689955782313,9.656408333333333
2024,2024-10-20,10,7,casual,classic_bike,4014,31.8325531929912,19.010933333333334
2024,2024-10-20,10,7,casual,electric_bike,5472,17.827357970882066,11.498758333333333
2024,2024-10-20,10,7,member,classic_bike,5148,14.05945038850039,9.331458333333334
2024,2024-10-20,10,7,member,electric_bike,8790,12.69883720705347,9.0304
2024,2024-10-21,10,1,casual,classic_bike,2452,26.08803086595976,15.931058333333333
2024,2024-10-21,10,1,casual,electric_bike,4059,13.913942120390901,9.882066666666667
2024,2024-10-21,10,1,member,classic_bike,5853,13.304960231220456,8.703433333333333
2024,2024-10-21,10,1,member,electric_bike,10083,11.60302202221561,8.683733333333333
2024,2024-10-22,10,2,casual,classic_bike,2545,24.103327125081858,14.796083333333334
2024,2024-10-22,10,2,casual,electric_bike,4207,14.159052032327072,10.243483333333334
2024,2024-10-22,10,2,member,classic_bike,6718,12.30134017068572,9.03885
2024,2024-10-22,10,2,member,electric_bike,10643,11.689133801559711,9.00675
2024,2024-10-23,10,3,casual,classic_bike,2861,30.251638448095072,15.366316666666668
2024,2024-10-23,10,3,casual,electric_bike,4566,14.85741563366915,10.2609
2024,2024-10-23,10,3,member,classic_bike,6958,13.76027190045032,9.117866666666668
2024,2024-10-23,10,3,member,electric_bike,10549,12.146393854077795,9.103433333333333
2024,2024-10-24,10,4,casual,classic_bike,2547,26.29708993587227,14.172616666666666
2024,2024-10-24,10,4,casual,electric_bike,4773,13.320383434597389,10.152483333333333
2024,2024-10-24,10,4,member,classic_bike,6274,13.128195866539157,8.917883333333332
2024,2024-10-24,10,4,member,electric_bike,11007,11.743805579782563,9.038516666666668
2024,2024-10-25,10,5,casual,classic_bike,2998,27.97014747609518,15.861175
2024,2024-10-25,10,5,casual,electric_bike,5051,14.267814990430939,9.994483333333333
2024,2024-10-25,10,5,member,classic_bike,5393,12.350462058841709,8.764100000000001
2024,2024-10-25,10,5,member,electric_bike,10592,11.934362190017623,8.894108333333332
2024,2024-10-26,10,6,casual,classic_bike,4619,30.513524529118854,18.562933333333334
2024,2024-10-26,10,6,casual,electric_bike,5843,17.19241296708312,11.525483333333334
2024,2024-10-26,10,6,member,classic_bike,5037,13.474129336245118,9.212466666666668
2024,2024-10-26,10,6,member,electric_bike,9667,12.012808991069274,8.847299999999999
2024,2024-10-27,10,7,casual,classic_bike,3876,33.00393129514964,19.103083333333334
2024,2024-10-27,10,7,casual,electric_bike,5071,17.39472092946822,11.231833333333332
2024,2024-10-27,10,7,member,classic_bike,4455,13.618888664421998,9.068166666666666
2024,2024-10-27,10,7,member,electric_bike,8410,12.271848727705112,8.77285
2024,2024-10-28,10,1,casual,classic_bike,2188,25.766039335770873,15.534341666666668
2024,2024-10-28,10,1,casual,electric_bike,3584,14.152450320870534,9.357308333333332
2024,2024-10-28,10,1,member,classic_bike,5259,12.627860131837485,8.48235
2024,2024-10-28,10,1,member,electric_bike,9450,11.30305733686067,8.464991666666666
2024,2024-10-29,10,2,casual,classic_bike,2770,22.817198862815886,13.995158333333334
2024,2024-10-29,10,2,casual,electric_bike,4481,13.719366558803838,10.329550000000001
2024,2024-10-29,10,2,member,classic_bike,6811,12.759913903978857,9.213433333333334
2024,2024-10-29,10,2,member,electric_bike,11023,11.869410072877923,9.26425
2024,2024-10-30,10,3,casual,classic_bike,2562,23.554254625292742,13.880241666666667
2024,2024-10-30,10,3,casual,electric_bike,4113,13.425082433746658,9.7456
2024,2024-10-30,10,3,member,classic_bike,6839,12.956995805917046,9.0298
2024,2024-10-30,10,3,member,electric_bike,10931,12.26341955142866,9.362383333333334
2024,2024-10-31,10,4,casual,classic_bike,2699,25.157152612078544,14.87885
2024,2024-10-31,10,4,casual,electric_bike,4499,13.878525716825962,10.064616666666666
2024,2024-10-31,10,4,member,classic_bike,6706,11.88173561735759,8.858016666666668
2024,2024-10-31,10,4,member,electric_bike,11367,12.540887570745728,9.379566666666667
2024,2024-11-01,11,5,casual,classic_bike,3145,25.357365972443034,15.411249999999999
2024,2024-11-01,11,5,casual,electric_bike,4732,13.93550769935193,10.024049999999999
2024,2024-11-01,11,5,member,classic_bike,5902,11.710169222297525,8.557575
2024,2024-11-01,11,5,member,electric_bike,10868,11.945878013433934,8.800783333333333
2024,2024-11-02,11,6,casual,classic_bike,4240,33.22140788915094,17.647891666666666
2024,2024-11-02,11,6,casual,electric_bike,5303,16.70007645043686,10.984399999999999
2024,2024-11-02,11,6,member,classic_bike,5239,12.885299494178277,8.953566666666667
2024,2024-11-02,11,6,member,electric_bike,9386,12.417858169969458,8.908525000000001
2024,2024-11-03,11,7,casual,classic_bike,3192,29.596651696950705,18.947975
2024,2024-11-03,11,7,casual,electric_bike,4182,16.035759186194802,10.240041666666666
2024,2024-11-03,11,7,member,classic_bike,4419,13.060842441728896,8.512366666666667
2024,2024-11-03,11,7,member,electric_bike,7989,11.56338466224392,8.34285
2024,2024-11-04,11,1,casual,classic_bike,1717,23.746130013589596,13.6838
2024,2024-11-04,11,1,casual,electric_bike,3198,13.727612690223056,9.411391666666667
2024,2024-11-04,11,1,member,classic_bike,5228,10.761699923488907,8.092183333333333
2024,2024-11-04,11,1,member,electric_bike,9113,11.250779128717218,8.435733333333333
2024,2024-11-05,11,2,casual,classic_bike,2618,24.435329475426535,13.867291666666667
2024,2024-11-05,11,2,casual,electric_bike,4435,13.871455122134536,9.866266666666666
2024,2024-11-05,11,2,member,classic_bike,6543,12.077534494880021,8.503533333333333
2024,2024-11-05,11,2,member,electric_bike,10680,11.695408189762798,8.8073
2024,2024-11-06,11,3,casual,classic_bike,2201,22.638204588823264,14.033449999999998
2024,2024-11-06,11,3,casual,electric_bike,3952,13.762927648448045,9.977416666666667
2024,2024-11-06,11,3,member,classic_bike,6247,13.16200732351529,8.726566666666667
2024,2024-11-06,11,3,member,electric_bike,10915,11.992237909604519,9.028133333333333
2024,2024-11-07,11,4,casual,classic_bike,2273,23.23232309722833,13.107083333333332
2024,2024-11-07,11,4,casual,electric_bike,4066,12.909957853746514,9.50505
2024,2024-11-07,11,4,member,classic_bike,6401,13.315280172368901,8.747433333333333
2024,2024-11-07,11,4,member,electric_bike,10572,11.973404417328792,9.183641666666666
2024,2024-11-08,11,5,casual,classic_bike,2897,24.113589874582903,14.546566666666667
2024,2024-11-08,11,5,casual,electric_bike,4531,14.30548465386596,10.14795
2024,2024-11-08,11,5,member,classic_bike,6103,11.545062095144466,8.333866666666667
2024,2024-11-08,11,5,member,electric_bike,10620,11.948492901757689,9.058841666666666
2024,2024-11-09,11,6,casual,classic_bike,4108,31.360008061506004,19.259866666666667
2024,2024-11-09,11,6,casual,electric_bike,4868,16.558960377293893,11.051758333333334
2024,2024-11-09,11,6,member,classic_bike,5005,13.263855084915086,8.940983333333332
2024,2024-11-09,11,6,member,electric_bike,8659,12.103382626939215,8.7849
2024,2024-11-10,11,7,casual,classic_bike,2337,27.61728976608187,15.6082
2024,2024-11-10,11,7,casual,electric_bike,3223,14.984259871755095,10.408800000000001
2024,2024-11-10,11,7,member,classic_bike,3513,11.543552286744474,8.282433333333334
2024,2024-11-10,11,7,member,electric_bike,6449,11.160789628883032,7.979699999999999
2024,2024-11-11,11,1,casual,classic_bike,2771,29.632391826055574,17.121783333333333
2024,2024-11-11,11,1,casual,electric_bike,3944,14.886059068627452,9.889908333333334
2024,2024-11-11,11,1,member,classic_bike,5357,12.264070216539109,8.523033333333334
2024,2024-11-11,11,1,member,electric_bike,9236,11.745353755233145,8.283975
2024,2024-11-12,11,2,casual,classic_bike,1621,19.014781688258275,11.41075
2024,2024-11-12,11,2,casual,electric_bike,3120,11.575785576923078,8.891425
2024,2024-11-12,11,2,member,classic_bike,5811,12.187044966442954,8.368599999999999
2024,2024-11-12,11,2,member,electric_bike,9821,10.711880373689034,8.187416666666667
2024,2024-11-13,11,3,casual,classic_bike,1436,23.316820485143918,11.470266666666667
2024,2024-11-13,11,3,casual,electric_bike,3113,11.73310983510012,8.6593
2024,2024-11-13,11,3,member,classic_bike,5555,12.192497044704469,8.321766666666667
2024,2024-11-13,11,3,member,electric_bike,9511,10.774978479304664,8.336366666666667
2024,2024-11-14,11,4,casual,classic_bike,916,22.101459224890828,11.193283333333333
2024,2024-11-14,11,4,casual,electric_bike,2243,10.906542376281765,8.397916666666667
2024,2024-11-14,11,4,member,classic_bike,3748,11.489733987015295,7.981258333333333
2024,2024-11-14,11,4,member,electric_bike,7672,10.29367132429614,8.008958333333332
2024,2024-11-15,11,5,casual,classic_bike,1706,23.716827979679557,12.674983333333333
2024,2024-11-15,11,5,casual,electric_bike,3754,12.625659958266738,8.840466666666668
2024,2024-11-15,11,5,member,classic_bike,4622,11.284621055098802,7.995666666666667
2024,2024-11-15,11,5,member,electric_bike,9787,10.771723883723308,8.217316666666667
2024,2024-11-16,11,6,casual,classic_bike,3264,27.146505540236923,16.2827
2024,2024-11-16,11,6,casual,electric_bike,5000,15.778339896666665,10.52675
2024,2024-11-16,11,6,member,classic_bike,4733,12.570372043805902,8.795433333333333
2024,2024-11-16,11,6,member,electric_bike,9296,11.871722251506023,8.782716666666666
2024,2024-11-17,11,7,casual,classic_bike,2488,27.64770874196142,15.814775000000001
2024,2024-11-17,11,7,casual,electric_bike,3980,14.748317361809047,9.962191666666666
2024,2024-11-17,11,7,member,classic_bike,4369,12.454212836652172,8.273283333333334
2024,2024-11-17,11,7,member,electric_bike,8186,11.611254642071831,8.344275
2024,2024-11-18,11,1,casual,classic_bike,1757,23.537959438436733,13.123566666666667
2024,2024-11-18,11,1,casual,electric_bike,3364,14.004991394173603,9.687008333333335
2024,2024-11-18,11,1,member,classic_bike,5812,12.065308301789402,8.227991666666666
2024,2024-11-18,11,1,member,electric_bike,9744,11.444171390941433,8.484558333333332
2024,2024-11-19,11,2,casual,classic_bike,1612,23.350298263027298,11.745858333333334
2024,2024-11-19,11,2,casual,electric_bike,3178,11.976247178518983,9.18445
2024,2024-11-19,11,2,member,classic_bike,6021,13.71274187565742,8.730216666666667
2024,2024-11-19,11,2,member,electric_bike,10392,11.3990944765204,8.627333333333333
2024,2024-11-20,11,3,casual,classic_bike,1533,20.53100619699935,11.494499999999999
2024,2024-11-20,11,3,casual,electric_bike,3094,12.410839054083173,9.323233333333334
2024,2024-11-20,11,3,member,classic_bike,5621,12.211125176421753,8.384016666666666
2024,2024-11-20,11,3,member,electric_bike,10184,11.334189082547786,8.631075
2024,2024-11-21,11,4,casual,classic_bike,1285,20.078247730220493,10.889800000000001
2024,2024-11-21,11,4,casual,electric_bike,3002,11.202046496779925,8.674316666666666
2024,2024-11-21,11,4,member,classic_bike,4641,12.20067850678733,8.174716666666667
2024,2024-11-21,11,4,member,electric_bike,9590,10.793167820646508,8.312691666666666
2024,2024-11-22,11,5,casual,classic_bike,550,16.723612030303027,9.412908333333334
2024,2024-11-22,11,5,casual,electric_bike,1687,10.253762635842719,8.305083333333334
2024,2024-11-22,11,5,member,classic_bike,2339,10.579157845233006,7.848233333333334
2024,2024-11-22,11,5,member,electric_bike,6119,9.715608969330502,7.374616666666666
2024,2024-11-23,11,6,casual,classic_bike,2191,26.582698006998328,15.627883333333333
2024,2024-11-23,11,6,casual,electric_bike,3709,13.983639363709894,9.843666666666667
2024,2024-11-23,11,6,member,classic_bike,3707,11.913911550220304,8.321266666666666
2024,2024-11-23,11,6,member,electric_bike,8083,11.35016446245206,8.252166666666666
2024,2024-11-24,11,7,casual,classic_bike,2153,24.214568609691902,14.602616666666668
2024,2024-11-24,11,7,casual,electric_bike,3293,14.331939098086853,9.988766666666667
2024,2024-11-24,11,7,member,classic_bike,3532,13.092862481124953,8.41265
2024,2024-11-24,11,7,member,electric_bike,7288,11.338962127241128,7.9127
2024,2024-11-25,11,1,casual,classic_bike,1606,25.585332918223326,14.833325
2024,2024-11-25,11,1,casual,electric_bike,2667,12.600738995125608,9.237666666666666
2024,2024-11-25,11,1,member,classic_bike,4362,11.51492022008253,7.9073
2024,2024-11-25,11,1,member,electric_bike,8683,11.076839502476103,8.208783333333333
2024,2024-11-26,11,2,casual,classic_bike,1532,26.09687369451697,13.489216666666668
2024,2024-11-26,11,2,casual,electric_bike,2868,12.878066672477917,8.829141666666668
2024,2024-11-26,11,2,member,classic_bike,4091,13.931161981585594,8.20565
2024,2024-11-26,11,2,member,electric_bike,8630,11.328058814213982,8.248000000000001
2024,2024-11-27,11,3,casual,classic_bike,1335,22.50175716604245,13.63845
2024,2024-11-27,11,3,casual,electric_bike,2688,13.83266283482143,9.010833333333332
2024,2024-11-27,11,3,member,classic_bike,3237,12.680805869632376,7.7558
2024,2024-11-27,11,3,member,electric_bike,7383,10.925986563727482,7.886633333333333
2024,2024-11-28,11,4,casual,classic_bike,714,32.35081827731092,17.319200000000002
2024,2024-11-28,11,4,casual,electric_bike,1382,14.884560262904005,8.845808333333332
2024,2024-11-28,11,4,member,classic_bike,1067,11.49150362386754,7.452583333333333
2024,2024-11-28,11,4,member,electric_bike,3559,10.745735037932002,7.103933333333333
2024,2024-11-29,11,5,casual,classic_bike,913,27.648897499087262,16.361216666666667
2024,2024-11-29,11,5,casual,electric_bike,1691,13.7545691602602,8.375449999999999
2024,2024-11-29,11,5,member,classic_bike,1606,13.491450404732253,7.486066666666666
2024,2024-11-29,11,5,member,electric_bike,4507,10.194858619924561,7.058666666666666
2024,2024-11-30,11,6,casual,classic_bike,844,22.684995596366512,12.855758333333334
2024,2024-11-30,11,6,casual,electric_bike,1748,12.254826592295956,8.379024999999999
2024,2024-11-30,11,6,member,classic_bike,1631,12.392008992438178,7.827633333333334
2024,2024-11-30,11,6,member,electric_bike,4778,9.713289490023719,7.044741666666667
2024,2024-12-01,12,7,casual,classic_bike,772,31.965083139032817,11.486025
2024,2024-12-01,12,7,casual,electric_bike,1786,10.945555888391192,7.9475999999999996
2024,2024-12-01,12,7,member,classic_bike,2234,12.094488839152492,7.372083333333334
2024,2024-12-01,12,7,member,electric_bike,5121,9.937853309900408,7.044533333333334
2024,2024-12-02,12,1,casual,classic_bike,644,17.756085248447206,10.5565
2024,2024-12-02,12,1,casual,electric_bike,1884,10.143870258315639,7.5994
2024,2024-12-02,12,1,member,classic_bike,3365,12.540209143140167,7.7105
2024,2024-12-02,12,1,member,electric_bike,7343,9.670970409460258,7.343366666666666
2024,2024-12-03,12,2,casual,classic_bike,706,17.9435149197356,9.658608333333333
2024,2024-12-03,12,2,casual,electric_bike,2076,10.27537866891458,8.260733333333334
2024,2024-12-03,12,2,member,classic_bike,3900,11.787288294871795,7.9874
2024,2024-12-03,12,2,member,electric_bike,8325,10.114666696696695,7.8406666666666665
2024,2024-12-04,12,3,casual,classic_bike,791,22.752223451327435,10.257733333333334
2024,2024-12-04,12,3,casual,electric_bike,2232,10.883939000896056,8.319058333333334
2024,2024-12-04,12,3,member,classic_bike,3986,13.154146550426491,7.808199999999999
2024,2024-12-04,12,3,member,electric_bike,8395,10.140405443716498,7.781816666666667
2024,2024-12-05,12,4,casual,classic_bike,704,19.391155042613637,9.7541
2024,2024-12-05,12,4,casual,electric_bike,2133,9.976844256915143,7.8254166666666665
2024,2024-12-05,12,4,member,classic_bike,3319,12.639910223963042,7.881866666666666
2024,2024-12-05,12,4,member,electric_bike,7711,9.78016614144296,7.5573
2024,2024-12-06,12,5,casual,classic_bike,647,18.421069732096857,10.479566666666667
2024,2024-12-06,12,5,casual,electric_bike,2154,10.190917749922626,8.102925
2024,2024-12-06,12,5,member,classic_bike,3031,10.86272170350819,7.4984166666666665
2024,2024-12-06,12,5,member,electric_bike,7422,9.950974719302973,7.427566666666666
2024,2024-12-07,12,6,casual,classic_bike,1243,19.82759505229284,12.658999999999999
2024,2024-12-07,12,6,casual,electric_bike,2797,11.640723400071504,8.813799999999999
2024,2024-12-07,12,6,member,classic_bike,3132,16.221107104086844,7.960758333333333
2024,2024-12-07,12,6,member,electric_bike,6976,10.35098572725535,7.735141666666666
2024,2024-12-08,12,7,casual,classic_bike,2072,25.408217615830115,14.584141666666667
2024,2024-12-08,12,7,casual,electric_bike,3407,13.701831953820566,9.614266666666667
2024,2024-12-08,12,7,member,classic_bike,3872,12.043915185950414,8.164591666666666
2024,2024-12-08,12,7,member,electric_bike,7577,11.479144256741895,8.264166666666666
2024,2024-12-09,12,1,casual,classic_bike,980,17.868339931972788,11.767375
2024,2024-12-09,12,1,casual,electric_bike,2319,11.837709264050597,8.923183333333332
2024,2024-12-09,12,1,member,classic_bike,4034,11.327655709800034,8.025358333333333
2024,2024-12-09,12,1,member,electric_bike,8183,10.629323591592327,7.915533333333333
2024,2024-12-10,12,2,casual,classic_bike,1109,22.55827416591524,11.922666666666666
2024,2024-12-10,12,2,casual,electric_bike,2505,11.268792268795742,8.904633333333333
2024,2024-12-10,12,2,member,classic_bike,4269,11.74831795112048,8.102233333333334
2024,2024-12-10,12,2,member,electric_bike,8606,10.634630277325897,8.253433333333334
2024,2024-12-11,12,3,casual,classic_bike,527,17.0890078115117,10.062616666666665
2024,2024-12-11,12,3,casual,electric_bike,1417,10.285635768054576,8.259033333333333
2024,2024-12-11,12,3,member,classic_bike,2050,11.687327593495937,7.515383333333333
2024,2024-12-11,12,3,member,electric_bike,5348,9.624128883071554,7.338208333333334
2024,2024-12-12,12,4,casual,classic_bike,1248,19.012535082799143,11.730041666666668
2024,2024-12-12,12,4,casual,electric_bike,2764,11.164643053545587,8.504016666666667
2024,2024-12-12,12,4,member,classic_bike,4013,13.801097001412078,8.294583333333334
2024,2024-12-12,12,4,member,electric_bike,8722,10.152345979515403,7.517633333333334
2024,2024-12-13,12,5,casual,classic_bike,1144,21.35948353729604,11.435783333333333
2024,2024-12-13,12,5,casual,electric_bike,2815,10.72781091178212,8.419233333333333
2024,2024-12-13,12,5,member,classic_bike,3387,12.125698725519143,7.771166666666667
2024,2024-12-13,12,5,member,electric_bike,8293,9.989552747296917,7.628566666666667
2024,2024-12-14,12,6,casual,classic_bike,1254,23.80575423976608,12.775183333333333
2024,2024-12-14,12,6,casual,electric_bike,2989,11.47040075276012,8.624500000000001
2024,2024-12-14,12,6,member,classic_bike,2897,13.562056201817972,8.113316666666666
2024,2024-12-14,12,6,member,electric_bike,7459,9.988092778299148,7.572900000000001
2024,2024-12-15,12,7,casual,classic_bike,702,19.566014434947768,11.406324999999999
2024,2024-12-15,12,7,casual,electric_bike,2011,10.768447306481022,8.056000000000001
2024,2024-12-15,12,7,member,classic_bike,2140,11.216549859813085,7.241333333333333
2024,2024-12-15,12,7,member,electric_bike,5050,9.628133815181519,7.2626333333333335
2024,2024-12-16,12,1,casual,classic_bike,601,21.132197143649474,9.998616666666667
2024,2024-12-16,12,1,casual,electric_bike,1733,10.304987478361223,8.123633333333334
2024,2024-12-16,12,1,member,classic_bike,3144,15.219228901611535,8.071324999999998
2024,2024-12-16,12,1,member,electric_bike,7139,9.992709361721998,7.5652833333333325
2024,2024-12-17,12,2,casual,classic_bike,1309,23.176510376878024,12.168516666666667
2024,2024-12-17,12,2,casual,electric_bike,2888,12.174097755078485,9.273066666666669
2024,2024-12-17,12,2,member,classic_bike,4711,13.016428748319536,8.53295
2024,2024-12-17,12,2,member,electric_bike,9530,11.11250813746065,8.511691666666668
2024,2024-12-18,12,3,casual,classic_bike,963,16.079752232606438,10.862449999999999
2024,2024-12-18,12,3,casual,electric_bike,2351,10.867656926130724,8.422233333333333
2024,2024-12-18,12,3,member,classic_bike,3751,11.32641663556385,7.882333333333333
2024,2024-12-18,12,3,member,electric_bike,8369,10.53611745728283,8.074466666666668
2024,2024-12-19,12,4,casual,classic_bike,945,16.41575495590829,11.4127
2024,2024-12-19,12,4,casual,electric_bike,2543,10.96794400314589,8.614433333333332
2024,2024-12-19,12,4,member,classic_bike,3353,11.538995710309175,8.103933333333334
2024,2024-12-19,12,4,member,electric_bike,8721,10.413820335970646,7.874
2024,2024-12-20,12,5,casual,classic_bike,651,17.773443958013313,10.389533333333333
2024,2024-12-20,12,5,casual,electric_bike,2280,11.068239261695906,8.531525
2024,2024-12-20,12,5,member,classic_bike,2416,11.454974882726269,7.7479
2024,2024-12-20,12,5,member,electric_bike,7219,9.959175585261116,7.5782
2024,2024-12-21,12,6,casual,classic_bike,665,25.222198095238095,12.035316666666667
2024,2024-12-21,12,6,casual,electric_bike,1850,11.11704635135135,8.231975
2024,2024-12-21,12,6,member,classic_bike,1636,13.05113054197229,7.163616666666667
2024,2024-12-21,12,6,member,electric_bike,5435,9.881532913216805,7.1762999999999995
2024,2024-12-22,12,7,casual,classic_bike,511,25.746575766470972,14.414366666666666
2024,2024-12-22,12,7,casual,electric_bike,1308,12.64255500764526,8.657358333333335
2024,2024-12-22,12,7,member,classic_bike,1293,10.012914836298016,6.766216666666667
2024,2024-12-22,12,7,member,electric_bike,4259,9.689539269781637,6.854816666666666
2024,2024-12-23,12,1,casual,classic_bike,370,23.81075292792793,12.997525
2024,2024-12-23,12,1,casual,electric_bike,1162,11.650676678141135,7.9553
2024,2024-12-23,12,1,member,classic_bike,1424,11.44434605571161,7.07595
2024,2024-12-23,12,1,member,electric_bike,4581,9.763031994469912,6.812216666666667
2024,2024-12-24,12,2,casual,classic_bike,294,20.88781530612245,14.3022
2024,2024-12-24,12,2,casual,electric_bike,1057,10.88015742667928,8.176816666666666
2024,2024-12-24,12,2,member,classic_bike,921,12.746219272529858,7.532516666666667
2024,2024-12-24,12,2,member,electric_bike,3676,10.796209367065652,7.095566666666667
2024,2024-12-25,12,3,casual,classic_bike,464,34.510870797413794,21.424408333333332
2024,2024-12-25,12,3,casual,electric_bike,852,15.015622965571206,9.08825
2024,2024-12-25,12,3,member,classic_bike,541,15.115146272335183,8.771066666666666
2024,2024-12-25,12,3,member,electric_bike,2789,11.475044878690092,7.369316666666666
2024,2024-12-26,12,4,casual,classic_bike,501,27.049031636726543,16.85405
2024,2024-12-26,12,4,casual,electric_bike,1347,13.283519450631031,8.438316666666667
2024,2024-12-26,12,4,member,classic_bike,1154,13.867289095898325,7.803208333333334
2024,2024-12-26,12,4,member,electric_bike,4111,10.16451090975432,7.212516666666667
2024,2024-12-27,12,5,casual,classic_bike,897,29.20528372352285,16.9499
2024,2024-12-27,12,5,casual,electric_bike,1878,15.029042367767127,9.715975
2024,2024-12-27,12,5,member,classic_bike,1489,11.154535885381687,7.592466666666667
2024,2024-12-27,12,5,member,electric_bike,4812,11.17711767456359,7.719158333333333
2024,2024-12-28,12,6,casual,classic_bike,330,34.191493838383835,14.90555
2024,2024-12-28,12,6,casual,electric_bike,986,11.756011832319134,8.707391666666666
2024,2024-12-28,12,6,member,classic_bike,782,12.834400277067349,7.463866666666666
2024,2024-12-28,12,6,member,electric_bike,3441,10.75088239852756,7.3334166666666665
2024,2024-12-29,12,7,casual,classic_bike,1296,28.611414634773666,19.672058333333332
2024,2024-12-29,12,7,casual,electric_bike,2208,17.2874882397343,10.460416666666667
2024,2024-12-29,12,7,member,classic_bike,1853,12.787895691671164,7.944116666666667
2024,2024-12-29,12,7,member,electric_bike,5064,11.82720042456556,8.150683333333333
2024,2024-12-30,12,1,casual,classic_bike,1615,30.51303933952528,19.159733333333335
2024,2024-12-30,12,1,casual,electric_bike,2592,16.88053214377572,10.420850000000002
2024,2024-12-30,12,1,member,classic_bike,2685,12.16863721911856,7.713266666666667
2024,2024-12-30,12,1,member,electric_bike,6739,11.323679509818469,7.895016666666667
2024,2024-12-31,12,2,casual,classic_bike,1208,25.017112486203093,15.2315
2024,2024-12-31,12,2,casual,electric_bike,2485,13.754234936284373,9.195183333333334
2024,2024-12-31,12,2,member,classic_bike,2361,11.339494896230411,7.996266666666667
2024,2024-12-31,12,2,member,electric_bike,6090,10.698503486590038,7.628866666666667
2025,2025-01-01,1,3,casual,classic_bike,832,22.40922590144231,14.190691666666666
2025,2025-01-01,1,3,casual,electric_bike,1865,13.280843342269883,8.860800000000001
2025,2025-01-01,1,3,member,classic_bike,1478,11.881043797925123,7.7100333333333335
2025,2025-01-01,1,3,member,electric_bike,4841,10.213697831026648,7.20525
2025,2025-01-02,1,4,casual,classic_bike,742,23.120640206648698,12.573191666666666
2025,2025-01-02,1,4,casual,electric_bike,1773,11.87139276179733,8.29635
2025,2025-01-02,1,4,member,classic_bike,2425,10.738322810996564,7.71935
2025,2025-01-02,1,4,member,electric_bike,6104,9.5641127238969,7.045908333333333
2025,2025-01-03,1,5,casual,classic_bike,434,20.11540856374808,11.873758333333333
2025,2025-01-03,1,5,casual,electric_bike,1549,11.406748665805896,8.211216666666667
2025,2025-01-03,1,5,member,classic_bike,1904,11.169554262955183,7.202941666666667
2025,2025-01-03,1,5,member,electric_bike,5445,9.804228644015918,7.31735
2025,2025-01-04,1,6,casual,classic_bike,493,18.503878194726166,12.053616666666667
2025,2025-01-04,1,6,casual,electric_bike,1411,10.112341589888967,7.526583333333334
2025,2025-01-04,1,6,member,classic_bike,1605,10.14607875389408,6.943250000000001
2025,2025-01-04,1,6,member,electric_bike,4652,8.910637628976785,6.560433333333334
2025,2025-01-05,1,7,casual,classic_bike,521,16.732679334612925,10.543366666666666
2025,2025-01-05,1,7,casual,electric_bike,1484,10.946946675651393,7.785958333333333
2025,2025-01-05,1,7,member,classic_bike,1820,10.208088031135532,7.2073583333333335
2025,2025-01-05,1,7,member,electric_bike,4595,9.536507500906781,6.760000000000001
2025,2025-01-06,1,1,casual,classic_bike,72,18.996999768518517,11.018575
2025,2025-01-06,1,1,casual,electric_bike,326,12.919668200408998,10.457799999999999
2025,2025-01-06,1,1,member,classic_bike,258,13.712696834625323,10.040108333333333
2025,2025-01-06,1,1,member,electric_bike,1190,13.241331274509804,9.36895
2025,2025-01-07,1,2,casual,classic_bike,120,17.520699166666667,11.059508333333333
2025,2025-01-07,1,2,casual,electric_bike,500,12.443725066666666,10.100466666666666
2025,2025-01-07,1,2,member,classic_bike,638,11.850152403343783,9.02825
2025,2025-01-07,1,2,member,electric_bike,2179,11.599174529600733,8.499966666666667
2025,2025-01-08,1,3,casual,classic_bike,196,19.95046717687075,10.734883333333332
2025,2025-01-08,1,3,casual,electric_bike,809,11.698110774618872,9.5711
2025,2025-01-08,1,3,member,classic_bike,1248,13.349064903846156,8.892016666666667
2025,2025-01-08,1,3,member,electric_bike,3568,10.538473738789238,8.131491666666665
2025,2025-01-09,1,4,casual,classic_bike,200,31.211794249999997,10.119208333333333
2025,2025-01-09,1,4,casual,electric_bike,832,11.296666786858975,9.11035
2025,2025-01-09,1,4,member,classic_bike,1172,17.96514156712173,8.314833333333333
2025,2025-01-09,1,4,member,electric_bike,3983,10.20247136998912,7.815316666666666
2025,2025-01-10,1,5,casual,classic_bike,246,18.340739295392954,10.137375
2025,2025-01-10,1,5,casual,electric_bike,1177,10.727352817898613,8.251016666666667
2025,2025-01-10,1,5,member,classic_bike,1404,26.302793815289647,8.129041666666666
2025,2025-01-10,1,5,member,electric_bike,4667,10.34285052139133,7.702666666666667
2025,2025-01-11,1,6,casual,classic_bike,256,19.21619296875,11.033866666666666
2025,2025-01-11,1,6,casual,electric_bike,1072,10.457713603855721,7.997258333333333
2025,2025-01-11,1,6,member,classic_bike,1171,22.17187758326217,8.117799999999999
2025,2025-01-11,1,6,member,electric_bike,3768,9.988338110403399,7.351675
2025,2025-01-12,1,7,casual,classic_bike,396,19.5169101010101,11.282174999999999
2025,2025-01-12,1,7,casual,electric_bike,1457,11.418855948295585,8.293266666666666
2025,2025-01-12,1,7,member,classic_bike,1671,11.423442429682824,7.569733333333334
2025,2025-01-12,1,7,member,electric_bike,4348,10.283761591536338,7.4637166666666666
2025,2025-01-13,1,1,casual,classic_bike,449,21.464944617668895,10.29105
2025,2025-01-13,1,1,casual,electric_bike,1587,10.627296355807603,8.592983333333333
2025,2025-01-13,1,1,member,classic_bike,2699,13.223267734963567,7.970283333333333
2025,2025-01-13,1,1,member,electric_bike,6185,10.282892360549717,7.757000000000001
2025,2025-01-14,1,2,casual,classic_bike,444,17.23622225975976,10.470025
2025,2025-01-14,1,2,casual,electric_bike,1555,10.8556566130761,8.685566666666666
2025,2025-01-14,1,2,member,classic_bike,2847,12.385162287788313,8.08365
2025,2025-01-14,1,2,member,electric_bike,6667,9.981436813159341,7.75525
2025,2025-01-15,1,3,casual,classic_bike,379,15.770512532981531,10.047133333333333
2025,2025-01-15,1,3,casual,electric_bike,1574,10.240059720457433,8.092483333333334
2025,2025-01-15,1,3,member,classic_bike,2458,11.09781361540548,7.744008333333333
2025,2025-01-15,1,3,member,electric_bike,6156,9.72190517652155,7.506933333333334
2025,2025-01-16,1,4,casual,classic_bike,349,13.084721633237823,9.516466666666668
2025,2025-01-16,1,4,casual,electric_bike,1587,10.50623861583701,7.911666666666666
2025,2025-01-16,1,4,member,classic_bike,2176,11.88103982077206,7.711158333333334
2025,2025-01-16,1,4,member,electric_bike,6023,9.782234144114229,7.5863
2025,2025-01-17,1,5,casual,classic_bike,500,18.817264966666666,10.605541666666667
2025,2025-01-17,1,5,casual,electric_bike,1976,11.384111276990552,8.566783333333333
2025,2025-01-17,1,5,member,classic_bike,2194,11.544678524764509,7.990341666666667
2025,2025-01-17,1,5,member,electric_bike,6309,10.462160622391293,7.759516666666667
2025,2025-01-18,1,6,casual,classic_bike,748,26.23427613636364,15.431525
2025,2025-01-18,1,6,casual,electric_bike,2079,14.322196777296776,9.136249999999999
2025,2025-01-18,1,6,member,classic_bike,1933,12.335725012933265,8.33225
2025,2025-01-18,1,6,member,electric_bike,5376,10.716157099454366,7.5907
2025,2025-01-19,1,7,casual,classic_bike,324,31.388479783950615,11.251850000000001
2025,2025-01-19,1,7,casual,electric_bike,967,12.18027137194071,8.325616666666667
2025,2025-01-19,1,7,member,classic_bike,939,12.388641125310613,7.5597666666666665
2025,2025-01-19,1,7,member,electric_bike,3022,10.071443453562761,7.070866666666667
2025,2025-01-20,1,1,casual,classic_bike,392,25.945118537414967,12.524483333333333
2025,2025-01-20,1,1,casual,electric_bike,957,13.378258324625566,8.558266666666666
2025,2025-01-20,1,1,member,classic_bike,1058,10.857267359798362,7.076458333333333
2025,2025-01-20,1,1,member,electric_bike,3177,9.893791931591648,6.9358
2025,2025-01-21,1,2,casual,classic_bike,332,18.967136445783133,9.980783333333333
2025,2025-01-21,1,2,casual,electric_bike,1000,10.083477299999998,7.867649999999999
2025,2025-01-21,1,2,member,classic_bike,1853,14.002897202734307,7.171716666666667
2025,2025-01-21,1,2,member,electric_bike,4295,9.197851959642996,6.861633333333333
2025,2025-01-22,1,3,casual,classic_bike,278,12.776624760191847,8.56775
2025,2025-01-22,1,3,casual,electric_bike,1071,9.146690476190475,7.5479
2025,2025-01-22,1,3,member,classic_bike,1977,9.42296368234699,6.918
2025,2025-01-22,1,3,member,electric_bike,4718,9.189072336441996,6.8435500000000005
2025,2025-01-23,1,4,casual,classic_bike,366,17.20037422586521,9.266675
2025,2025-01-23,1,4,casual,electric_bike,1282,10.528255824232971,8.072125
2025,2025-01-23,1,4,member,classic_bike,2409,9.69941499930815,7.15085
2025,2025-01-23,1,4,member,electric_bike,5533,9.345772429061991,7.14835
2025,2025-01-24,1,5,casual,classic_bike,497,18.35138142186452,9.911366666666668
2025,2025-01-24,1,5,casual,electric_bike,1671,10.304352104528228,7.920883333333333
2025,2025-01-24,1,5,member,classic_bike,2441,10.534319411443397,7.575366666666667
2025,2025-01-24,1,5,member,electric_bike,6167,9.52230506729366,7.127166666666667
2025,2025-01-25,1,6,casual,classic_bike,728,19.159294848901098,12.095475
2025,2025-01-25,1,6,casual,electric_bike,1888,11.392968538135593,8.515358333333333
2025,2025-01-25,1,6,member,classic_bike,2229,10.776511709286677,7.466833333333333
2025,2025-01-25,1,6,member,electric_bike,5447,9.895842362768496,7.387883333333334
2025,2025-01-26,1,7,casual,classic_bike,909,20.08387141547488,10.925683333333334
2025,2025-01-26,1,7,casual,electric_bike,2111,10.899999999999999,8.206416666666666
2025,2025-01-26,1,7,member,classic_bike,2556,11.864527119196662,7.615774999999999
2025,2025-01-26,1,7,member,electric_bike,5720,10.066066500582751,7.4561166666666665
2025,2025-01-27,1,1,casual,classic_bike,569,17.145780697129467,10.145883333333334
2025,2025-01-27,1,1,casual,electric_bike,1679,10.943978757196744,8.17865
2025,2025-01-27,1,1,member,classic_bike,3378,10.36904030491415,7.6099749999999995
2025,2025-01-27,1,1,member,electric_bike,6739,10.256017735074442,7.73795
2025,2025-01-28,1,2,casual,classic_bike,846,18.231007348305752,10.774433333333334
2025,2025-01-28,1,2,casual,electric_bike,1956,11.631648227675528,8.584233333333334
2025,2025-01-28,1,2,member,classic_bike,4187,11.22835114640554,8.246116666666667
2025,2025-01-28,1,2,member,electric_bike,7756,10.62799263795771,8.12405
2025,2025-01-29,1,3,casual,classic_bike,982,18.72517561099796,11.443625
2025,2025-01-29,1,3,casual,electric_bike,2262,11.254154435602711,8.502308333333334
2025,2025-01-29,1,3,member,classic_bike,4115,10.971509088699877,8.1689
2025,2025-01-29,1,3,member,electric_bike,8597,10.710869460276841,8.0973
2025,2025-01-30,1,4,casual,classic_bike,909,16.79075198019802,10.6414
2025,2025-01-30,1,4,casual,electric_bike,2455,11.238217712152071,8.863883333333332
2025,2025-01-30,1,4,member,classic_bike,3935,11.686616675137653,8.24495
2025,2025-01-30,1,4,member,electric_bike,8821,10.825043634508557,8.329533333333334
2025,2025-01-31,1,5,casual,classic_bike,386,17.159406433506042,10.120791666666667
2025,2025-01-31,1,5,casual,electric_bike,1380,10.354251823671497,7.928958333333334
2025,2025-01-31,1,5,member,classic_bike,1688,9.445159794628752,7.311375
2025,2025-01-31,1,5,member,electric_bike,5433,9.941279106080128,7.2771833333333324
2025,2025-02-01,2,6,casual,classic_bike,1316,22.206550088652484,14.301808333333334
2025,2025-02-01,2,6,casual,electric_bike,2823,12.625135204864801,9.220533333333332
2025,2025-02-01,2,6,member,classic_bike,3072,11.488470974392362,7.794808333333334
2025,2025-02-01,2,6,member,electric_bike,7157,10.370451828047134,7.565883333333333
2025,2025-02-02,2,7,casual,classic_bike,724,19.099771201657457,11.383483333333334
2025,2025-02-02,2,7,casual,electric_bike,1792,11.144765336681546,8.232658333333333
2025,2025-02-02,2,7,member,classic_bike,2365,9.9471144397463,7.239949999999999
2025,2025-02-02,2,7,member,electric_bike,5660,9.609503571849235,7.0311916666666665
2025,2025-02-03,2,1,casual,classic_bike,769,18.39300535327265,11.711666666666668
2025,2025-02-03,2,1,casual,electric_bike,1938,11.432280409356725,8.54845
2025,2025-02-03,2,1,member,classic_bike,3751,10.762028108060072,7.902299999999999
2025,2025-02-03,2,1,member,electric_bike,7494,10.356745807757315,7.7575
2025,2025-02-04,2,2,casual,classic_bike,996,21.49346987951807,11.302866666666667
2025,2025-02-04,2,2,casual,electric_bike,2510,11.604964296148738,8.562066666666666
2025,2025-02-04,2,2,member,classic_bike,4549,11.60754707994431,8.499583333333334
2025,2025-02-04,2,2,member,electric_bike,8938,10.52726817520698,8.060975
2025,2025-02-05,2,3,casual,classic_bike,664,15.007652259036144,9.792766666666667
2025,2025-02-05,2,3,casual,electric_bike,2144,10.109877767412936,8.057358333333333
2025,2025-02-05,2,3,member,classic_bike,3616,10.40187671460177,8.041233333333334
2025,2025-02-05,2,3,member,electric_bike,8287,9.609243519971038,7.4416166666666665
2025,2025-02-06,2,4,casual,classic_bike,529,15.595954379332074,10.305100000000001
2025,2025-02-06,2,4,casual,electric_bike,1790,10.70949322160149,8.373191666666667
2025,2025-02-06,2,4,member,classic_bike,2834,10.587088532110092,7.725516666666667
2025,2025-02-06,2,4,member,electric_bike,6801,9.749361544870853,7.439816666666667
2025,2025-02-07,2,5,casual,classic_bike,993,17.076061530715005,11.152899999999999
2025,2025-02-07,2,5,casual,electric_bike,2703,10.935297385620915,8.331833333333334
2025,2025-02-07,2,5,member,classic_bike,3806,10.7079140917849,7.8661
2025,2025-02-07,2,5,member,electric_bike,8823,10.575814280856852,7.794449999999999
2025,2025-02-08,2,6,casual,classic_bike,609,16.417710098522168,11.044566666666666
2025,2025-02-08,2,6,casual,electric_bike,1871,10.191134170675218,8.016166666666667
2025,2025-02-08,2,6,member,classic_bike,2130,10.452640845070423,7.317866666666667
2025,2025-02-08,2,6,member,electric_bike,5768,9.184723162274619,6.945108333333333
2025,2025-02-09,2,7,casual,classic_bike,953,20.637118502973067,11.11165
2025,2025-02-09,2,7,casual,electric_bike,2360,10.777362761299434,8.04875
2025,2025-02-09,2,7,member,classic_bike,2801,10.231979406164466,7.463783333333334
2025,2025-02-09,2,7,member,electric_bike,6760,9.90158333086785,7.3163833333333335
2025,2025-02-10,2,1,casual,classic_bike,656,17.84664324186992,10.467683333333333
2025,2025-02-10,2,1,casual,electric_bike,1959,10.689137782882424,8.093016666666667
2025,2025-02-10,2,1,member,classic_bike,3739,10.845490447534992,7.6206
2025,2025-02-10,2,1,member,electric_bike,7792,9.967607633898016,7.550691666666666
2025,2025-02-11,2,2,casual,classic_bike,361,16.399660480147737,9.7343
2025,2025-02-11,2,2,casual,electric_bike,1160,9.891904454022988,7.516391666666667
2025,2025-02-11,2,2,member,classic_bike,2264,9.937207685512366,7.6152
2025,2025-02-11,2,2,member,electric_bike,4819,9.798581759701182,7.4331
2025,2025-02-12,2,3,casual,classic_bike,113,13.78030604719764,9.042
2025,2025-02-12,2,3,casual,electric_bike,632,9.793139556962025,7.803275000000001
2025,2025-02-12,2,3,member,classic_bike,883,11.109051019252549,8.017783333333334
2025,2025-02-12,2,3,member,electric_bike,2785,9.459305745062837,7.11395
2025,2025-02-13,2,4,casual,classic_bike,626,15.276891001064962,10.296758333333333
2025,2025-02-13,2,4,casual,electric_bike,1973,10.672534668018248,8.203183333333333
2025,2025-02-13,2,4,member,classic_bike,3444,11.690055487804877,7.822533333333333
2025,2025-02-13,2,4,member,electric_bike,7376,9.965823678145336,7.5363083333333325
2025,2025-02-14,2,5,casual,classic_bike,812,18.259760447454845,12.093824999999999
2025,2025-02-14,2,5,casual,electric_bike,2193,10.563018627450981,8.053266666666667
2025,2025-02-14,2,5,member,classic_bike,3091,10.509106200798016,7.538516666666666
2025,2025-02-14,2,5,member,electric_bike,7545,10.035052184669759,7.362633333333333
2025,2025-02-15,2,6,casual,classic_bike,486,21.909369478737997,12.2347
2025,2025-02-15,2,6,casual,electric_bike,1342,11.084418318430203,8.318133333333332
2025,2025-02-15,2,6,member,classic_bike,1377,10.99192381989833,7.195849999999999
2025,2025-02-15,2,6,member,electric_bike,4020,9.375453876451079,6.954925
2025,2025-02-16,2,7,casual,classic_bike,746,25.646336170688116,14.63695
2025,2025-02-16,2,7,casual,electric_bike,1721,12.975897307766802,9.137883333333333
2025,2025-02-16,2,7,member,classic_bike,1724,11.924885469837585,7.687016666666667
2025,2025-02-16,2,7,member,electric_bike,4869,10.445514773738617,7.327416666666666
2025,2025-02-17,2,1,casual,classic_bike,635,21.314045091863516,11.962016666666667
2025,2025-02-17,2,1,casual,electric_bike,1709,11.076711205383265,8.163016666666667
2025,2025-02-17,2,1,member,classic_bike,2345,11.332124506041222,7.6493166666666665
2025,2025-02-17,2,1,member,electric_bike,5525,9.854299894419308,7.149816666666666
2025,2025-02-18,2,2,casual,classic_bike,549,19.894521888281727,9.689083333333334
2025,2025-02-18,2,2,casual,electric_bike,1650,9.499215656565656,7.615283333333332
2025,2025-02-18,2,2,member,classic_bike,3225,10.830385793281655,7.38765
2025,2025-02-18,2,2,member,electric_bike,6759,9.41972664841939,7.126716666666667
2025,2025-02-19,2,3,casual,classic_bike,426,14.131295383411581,8.923108333333332
2025,2025-02-19,2,3,casual,electric_bike,1502,8.894931003106969,7.161508333333333
2025,2025-02-19,2,3,member,classic_bike,2756,10.369217023463959,7.3247
2025,2025-02-19,2,3,member,electric_bike,6214,8.872200402317347,6.928983333333333
2025,2025-02-20,2,4,casual,classic_bike,371,15.454846271338722,8.605283333333334
2025,2025-02-20,2,4,casual,electric_bike,1573,9.403531701631703,7.39055
2025,2025-02-20,2,4,member,classic_bike,2478,9.566551338444981,7.077675
2025,2025-02-20,2,4,member,electric_bike,6456,8.729311162742668,6.875291666666667
2025,2025-02-21,2,5,casual,classic_bike,527,15.347845509171412,9.787566666666667
2025,2025-02-21,2,5,casual,electric_bike,1960,10.449356581632653,8.035533333333333
2025,2025-02-21,2,5,member,classic_bike,2469,10.530968104495747,7.212783333333333
2025,2025-02-21,2,5,member,electric_bike,6997,9.465017328855225,7.1817
2025,2025-02-22,2,6,casual,classic_bike,1163,23.399957007738607,13.6355
2025,2025-02-22,2,6,casual,electric_bike,2484,11.596301663982823,8.651066666666667
2025,2025-02-22,2,6,member,classic_bike,2745,11.098780206435944,7.996783333333334
2025,2025-02-22,2,6,member,electric_bike,6795,10.246626956095168,7.547066666666667
2025,2025-02-23,2,7,casual,classic_bike,1333,24.543974618654666,14.567216666666667
2025,2025-02-23,2,7,casual,electric_bike,2601,13.373434089452775,9.30015
2025,2025-02-23,2,7,member,classic_bike,2901,11.906664075606113,8.261966666666668
2025,2025-02-23,2,7,member,electric_bike,6817,10.770683841865923,7.8674
2025,2025-02-24,2,1,casual,classic_bike,1039,25.240020131536735,12.50815
2025,2025-02-24,2,1,casual,electric_bike,2316,12.405608455670697,8.856866666666669
2025,2025-02-24,2,1,member,classic_bike,4245,10.997018252846486,8.078833333333334
2025,2025-02-24,2,1,member,electric_bike,8394,10.533391579302677,8.000825
2025,2025-02-25,2,2,casual,classic_bike,1391,20.26707740234843,12.26595
2025,2025-02-25,2,2,casual,electric_bike,2793,12.793948197875642,9.295816666666667
2025,2025-02-25,2,2,member,classic_bike,5406,11.356502669872981,8.584141666666667
2025,2025-02-25,2,2,member,electric_bike,9678,11.25359092787766,8.443208333333335
2025,2025-02-26,2,3,casual,classic_bike,1607,21.752572370877413,12.008483333333334
2025,2025-02-26,2,3,casual,electric_bike,3128,13.190206244671781,9.668516666666667
2025,2025-02-26,2,3,member,classic_bike,5796,11.694222866344605,8.600316666666668
2025,2025-02-26,2,3,member,electric_bike,10621,11.274896811348587,8.338683333333334
2025,2025-02-27,2,4,casual,classic_bike,1188,17.17381982323232,11.177966666666666
2025,2025-02-27,2,4,casual,electric_bike,2767,12.375227376219733,9.18535
2025,2025-02-27,2,4,member,classic_bike,4858,10.566853379305613,8.00565
2025,2025-02-27,2,4,member,electric_bike,9270,11.11540496763754,8.456141666666667
2025,2025-02-28,2,5,casual,classic_bike,1531,20.34447801001524,12.352766666666668
2025,2025-02-28,2,5,casual,electric_bike,3114,12.411286710554487,9.062466666666666
2025,2025-02-28,2,5,member,classic_bike,4515,10.939852894056846,7.92865
2025,2025-02-28,2,5,member,electric_bike,9515,11.181937223681905,8.264433333333333
2025,2025-03-01,3,6,casual,classic_bike,2300,25.967647746376812,16.385775000000002
2025,2025-03-01,3,6,casual,electric_bike,3246,14.604572181146025,9.949025
2025,2025-03-01,3,6,member,classic_bike,3632,11.86405237243025,8.170825
2025,2025-03-01,3,6,member,electric_bike,7667,11.066263492891613,8.006083333333333
2025,2025-03-02,3,7,casual,classic_bike,945,19.789135996472663,12.3092
2025,2025-03-02,3,7,casual,electric_bike,1870,12.037012174688057,8.453391666666667
2025,2025-03-02,3,7,member,classic_bike,2375,10.300955038596491,7.477416666666667
2025,2025-03-02,3,7,member,electric_bike,5710,9.682114127262114,6.950675
2025,2025-03-03,3,1,casual,classic_bike,909,19.512488723872387,11.24935
2025,2025-03-03,3,1,casual,electric_bike,1918,11.459481821341676,7.952558333333333
2025,2025-03-03,3,1,member,classic_bike,3746,10.79893399626268,7.629691666666666
2025,2025-03-03,3,1,member,electric_bike,7521,9.992687676727385,7.4850666666666665
2025,2025-03-04,3,2,casual,classic_bike,1396,22.346626361031515,12.64855
2025,2025-03-04,3,2,casual,electric_bike,2604,13.159673047875064,9.094775000000002
2025,2025-03-04,3,2,member,classic_bike,5312,11.539247474272088,8.473033333333333
2025,2025-03-04,3,2,member,electric_bike,8971,11.177965858507042,8.315116666666666
2025,2025-03-05,3,3,casual,classic_bike,802,18.923298004987533,10.301825
2025,2025-03-05,3,3,casual,electric_bike,1745,10.576733247373449,8.321766666666667
2025,2025-03-05,3,3,member,classic_bike,3660,10.646217964480874,7.7296
2025,2025-03-05,3,3,member,electric_bike,6974,10.171533569926392,7.802108333333333
2025,2025-03-06,3,4,casual,classic_bike,855,16.559675692007797,10.6206
2025,2025-03-06,3,4,casual,electric_bike,2096,10.0772544370229,7.948316666666667
2025,2025-03-06,3,4,member,classic_bike,4012,10.029195401296112,7.607508333333333
2025,2025-03-06,3,4,member,electric_bike,8119,9.609236219567272,7.48285
2025,2025-03-07,3,5,casual,classic_bike,1524,19.726394991251095,12.773641666666666
2025,2025-03-07,3,5,casual,electric_bike,2941,12.218153088518646,8.8721
2025,2025-03-07,3,5,member,classic_bike,4201,10.778916309608825,7.940766666666667
2025,2025-03-07,3,5,member,electric_bike,9351,10.980543075606885,8.102083333333333
2025,2025-03-08,3,6,casual,classic_bike,1907,25.437112069568258,14.944833333333333
2025,2025-03-08,3,6,casual,electric_bike,2899,13.621496878233875,9.195633333333335
2025,2025-03-08,3,6,member,classic_bike,3428,11.50672429015947,7.878325
2025,2025-03-08,3,6,member,electric_bike,7947,10.721234975462439,7.752133333333333
2025,2025-03-09,3,7,casual,classic_bike,2182,27.66082044760159,16.33765
2025,2025-03-09,3,7,casual,electric_bike,3170,15.244668406940061,9.855191666666666
2025,2025-03-09,3,7,member,classic_bike,3469,12.475592039012202,8.002266666666667
2025,2025-03-09,3,7,member,electric_bike,7439,10.940763523323028,7.699433333333333
2025,2025-03-10,3,1,casual,classic_bike,1867,24.46704275129441,14.834983333333334
2025,2025-03-10,3,1,casual,electric_bike,2849,13.935501134901134,9.319416666666665
2025,2025-03-10,3,1,member,classic_bike,5220,11.445407151979566,8.418816666666666
2025,2025-03-10,3,1,member,electric_bike,9184,11.388585922981996,8.289458333333334
2025,2025-03-11,3,2,casual,classic_bike,2618,25.88472962184874,15.672049999999999
2025,2025-03-11,3,2,casual,electric_bike,3278,15.074161816148058,10.1036
2025,2025-03-11,3,2,member,classic_bike,6458,11.86180712552906,8.674675
2025,2025-03-11,3,2,member,electric_bike,10126,11.694515967147277,8.755441666666666
2025,2025-03-12,3,3,casual,classic_bike,2508,29.379886337054756,15.195816666666666
2025,2025-03-12,3,3,casual,electric_bike,3384,14.73842845744681,9.803958333333334
2025,2025-03-12,3,3,member,classic_bike,6245,13.258440947424608,8.574733333333334
2025,2025-03-12,3,3,member,electric_bike,10378,11.523849076572237,8.47885
2025,2025-03-13,3,4,casual,classic_bike,1647,23.879313165351146,12.752133333333335
2025,2025-03-13,3,4,casual,electric_bike,3152,13.172895653553297,9.236725
2025,2025-03-13,3,4,member,classic_bike,4974,10.483283195952286,7.9506499999999996
2025,2025-03-13,3,4,member,electric_bike,9678,10.678497950678514,8.135983333333334
2025,2025-03-14,3,5,casual,classic_bike,1811,24.912096355604643,13.501933333333334
2025,2025-03-14,3,5,casual,electric_bike,3301,12.34644480965364,9.132883333333332
2025,2025-03-14,3,5,member,classic_bike,4449,11.363895418446091,7.833066666666666
2025,2025-03-14,3,5,member,electric_bike,9572,10.93463222767795,8.071925
2025,2025-03-15,3,6,casual,classic_bike,3399,27.32444488575071,16.500916666666665
2025,2025-03-15,3,6,casual,electric_bike,4518,15.657084919580935,10.306683333333332
2025,2025-03-15,3,6,member,classic_bike,4268,11.840230775538894,8.28495
2025,2025-03-15,3,6,member,electric_bike,8970,12.142257528799703,8.898291666666665
2025,2025-03-16,3,7,casual,classic_bike,2013,26.04412376221229,14.9675
2025,2025-03-16,3,7,casual,electric_bike,3257,14.631957563197217,9.793966666666668
2025,2025-03-16,3,7,member,classic_bike,3434,11.577790516404582,7.979008333333333
2025,2025-03-16,3,7,member,electric_bike,7807,11.786500168652065,8.296533333333333
2025,2025-03-17,3,1,casual,classic_bike,1486,26.220884499775682,13.088716666666667
2025,2025-03-17,3,1,casual,electric_bike,2670,12.72893384519351,8.865991666666668
2025,2025-03-17,3,1,member,classic_bike,4695,11.459972137025204,7.847483333333333
2025,2025-03-17,3,1,member,electric_bike,9357,10.501201129279329,7.791516666666666
2025,2025-03-18,3,2,casual,classic_bike,2009,24.231430288700846,14.353416666666668
2025,2025-03-18,3,2,casual,electric_bike,3300,13.685713010101008,9.828875
2025,2025-03-18,3,2,member,classic_bike,6048,11.905889646715167,8.651475
2025,2025-03-18,3,2,member,electric_bike,10474,11.851804231111961,8.762333333333334
2025,2025-03-19,3,3,casual,classic_bike,2635,26.51116081593928,15.429266666666667
2025,2025-03-19,3,3,casual,electric_bike,3601,14.18710853929464,9.685966666666667
2025,2025-03-19,3,3,member,classic_bike,6588,11.866707113944544,8.690666666666667
2025,2025-03-19,3,3,member,electric_bike,11166,11.823536909666249,8.750866666666667
2025,2025-03-20,3,4,casual,classic_bike,1964,24.456806152410046,15.051375
2025,2025-03-20,3,4,casual,electric_bike,2882,13.864519523479066,9.590733333333333
2025,2025-03-20,3,4,member,classic_bike,5042,12.775289379214598,8.24785
2025,2025-03-20,3,4,member,electric_bike,9453,11.242362738460454,8.3489
2025,2025-03-21,3,5,casual,classic_bike,2414,26.798896706710853,15.612983333333332
2025,2025-03-21,3,5,casual,electric_bike,3944,13.366322802569304,9.252783333333333
2025,2025-03-21,3,5,member,classic_bike,4896,11.337585253267974,7.651425
2025,2025-03-21,3,5,member,electric_bike,10787,11.386193371651062,8.370166666666666
2025,2025-03-22,3,6,casual,classic_bike,4932,30.92497402676399,20.088408333333334
2025,2025-03-22,3,6,casual,electric_bike,5138,17.629310594264954,11.471116666666667
2025,2025-03-22,3,6,member,classic_bike,4868,13.730874246781703,9.109908333333333
2025,2025-03-22,3,6,member,electric_bike,9936,12.480918698000536,9.037241666666667
2025,2025-03-23,3,7,casual,classic_bike,3505,29.39080755111745,19.25725
2025,2025-03-23,3,7,casual,electric_bike,4074,17.192802749140892,10.912766666666666
2025,2025-03-23,3,7,member,classic_bike,4258,12.542590371066229,8.521508333333333
2025,2025-03-23,3,7,member,electric_bike,8378,11.72432070303175,8.198166666666667
2025,2025-03-24,3,1,casual,classic_bike,1303,20.95252797390637,13.165216666666668
2025,2025-03-24,3,1,casual,electric_bike,2316,13.166306124064478,9.101825000000002
2025,2025-03-24,3,1,member,classic_bike,4052,10.598523075024678,7.801308333333333
2025,2025-03-24,3,1,member,electric_bike,8315,10.892587861294848,7.897783333333334
2025,2025-03-25,3,2,casual,classic_bike,2554,27.695901788044896,15.888
2025,2025-03-25,3,2,casual,electric_bike,3326,14.339076037282021,10.209408333333334
2025,2025-03-25,3,2,member,classic_bike,6287,13.313782535390487,8.493016666666668
2025,2025-03-25,3,2,member,electric_bike,10704,11.694474654334828,8.632916666666667
2025,2025-03-26,3,3,casual,classic_bike,2176,22.90788704810049,13.991916666666667
2025,2025-03-26,3,3,casual,electric_bike,3007,13.19832455936149,9.232466666666665
2025,2025-03-26,3,3,member,classic_bike,5939,11.840991143290118,8.328766666666667
2025,2025-03-26,3,3,member,electric_bike,9975,11.076586081871344,8.325116666666666
2025,2025-03-27,3,4,casual,classic_bike,3109,26.55390240699046,16.254233333333335
2025,2025-03-27,3,4,casual,electric_bike,3649,14.58193104503517,10.01915
2025,2025-03-27,3,4,member,classic_bike,6204,11.854952138405327,8.405175
2025,2025-03-27,3,4,member,electric_bike,10844,11.888464771609494,8.9702
2025,2025-03-28,3,5,casual,classic_bike,4301,29.107241501976283,18.991666666666667
2025,2025-03-28,3,5,casual,electric_bike,4405,16.01740561104805,10.682216666666667
2025,2025-03-28,3,5,member,classic_bike,5945,12.567532996916176,8.772549999999999
2025,2025-03-28,3,5,member,electric_bike,11010,12.558551840750832,9.087916666666667
2025,2025-03-29,3,6,casual,classic_bike,10555,37.604573063319116,24.11375
2025,2025-03-29,3,6,casual,electric_bike,7391,22.77060261804898,14.975416666666666
2025,2025-03-29,3,6,member,classic_bike,6437,17.24043785407281,10.901566666666668
2025,2025-03-29,3,6,member,electric_bike,11134,14.869515258068379,10.268875
2025,2025-03-30,3,7,casual,classic_bike,8145,33.51364450787805,21.305666666666664
2025,2025-03-30,3,7,casual,electric_bike,5986,21.176502865018374,13.795850000000002
2025,2025-03-30,3,7,member,classic_bike,6162,15.006036487071295,9.830908333333333
2025,2025-03-30,3,7,member,electric_bike,10044,14.038849198526483,9.64255
2025,2025-03-31,3,1,casual,classic_bike,3251,28.887864211011994,18.04795
2025,2025-03-31,3,1,casual,electric_bike,3308,18.624272475816202,11.426666666666668
2025,2025-03-31,3,1,member,classic_bike,5328,12.049929958083082,8.807383333333334
2025,2025-03-31,3,1,member,electric_bike,9450,12.55253601058201,9.024633333333332
2025,2025-04-01,4,2,casual,classic_bike,2667,25.93239810023747,14.816966666666668
2025,2025-04-01,4,2,casual,electric_bike,3222,15.145005043451274,10.449033333333333
2025,2025-04-01,4,2,member,classic_bike,6187,12.25837752276278,8.637883333333333
2025,2025-04-01,4,2,member,electric_bike,10453,11.461912672597979,8.6153
2025,2025-04-02,4,3,casual,classic_bike,2118,24.704366540761725,13.478891666666666
2025,2025-04-02,4,3,casual,electric_bike,2883,13.366078494623656,9.502083333333333
2025,2025-04-02,4,3,member,classic_bike,6120,11.88132487472767,8.281183333333335
2025,2025-04-02,4,3,member,electric_bike,10116,11.048625230657704,8.249375
2025,2025-04-03,4,4,casual,classic_bike,2927,26.676768574194284,14.858066666666668
2025,2025-04-03,4,4,casual,electric_bike,3364,14.378733546373363,10.085241666666668
2025,2025-04-03,4,4,member,classic_bike,6432,11.450513585717246,8.395133333333334
2025,2025-04-03,4,4,member,electric_bike,10669,12.258254867685194,9.091283333333333
2025,2025-04-04,4,5,casual,classic_bike,3826,29.08058525875588,15.788791666666667
2025,2025-04-04,4,5,casual,electric_bike,4225,15.451574548323471,10.587616666666666
2025,2025-04-04,4,5,member,classic_bike,6257,12.215785751957808,8.432933333333333
2025,2025-04-04,4,5,member,electric_bike,11332,12.909619547887985,9.352883333333335
2025,2025-04-05,4,6,casual,classic_bike,6415,30.362303377500652,19.58018333333333
2025,2025-04-05,4,6,casual,electric_bike,5449,18.15032230072796,11.809916666666668
2025,2025-04-05,4,6,member,classic_bike,6182,13.938907384341638,9.723299999999998
2025,2025-04-05,4,6,member,electric_bike,10790,13.616917116156937,9.821825
2025,2025-04-06,4,7,casual,classic_bike,3805,27.410818335523434,16.19565
2025,2025-04-06,4,7,casual,electric_bike,3741,15.204243883097211,10.525733333333333
2025,2025-04-06,4,7,member,classic_bike,4448,12.000925288519184,8.601841666666665
2025,2025-04-06,4,7,member,electric_bike,8229,11.78819639081298,8.433533333333333
2025,2025-04-07,4,1,casual,classic_bike,941,20.532550602196245,11.128416666666668
2025,2025-04-07,4,1,casual,electric_bike,1794,11.017251727982163,8.011675
2025,2025-04-07,4,1,member,classic_bike,3348,10.775848257666267,7.290891666666667
2025,2025-04-07,4,1,member,electric_bike,6642,10.453327883167722,7.634366666666667
2025,2025-04-08,4,2,casual,classic_bike,1535,20.182543007600437,11.2745
2025,2025-04-08,4,2,casual,electric_bike,2427,12.712828938332647,8.73015
2025,2025-04-08,4,2,member,classic_bike,5583,11.30847163114216,8.014883333333334
2025,2025-04-08,4,2,member,electric_bike,8841,10.819615505410399,8.077583333333333
2025,2025-04-09,4,3,casual,classic_bike,2112,26.065735606060606,13.148533333333333
2025,2025-04-09,4,3,casual,electric_bike,2616,13.116277191641181,9.188583333333334
2025,2025-04-09,4,3,member,classic_bike,6140,12.349528531487513,8.157616666666666
2025,2025-04-09,4,3,member,electric_bike,9341,11.564553341897728,8.4664
2025,2025-04-10,4,4,casual,classic_bike,1973,19.916204367291773,11.903716666666666
2025,2025-04-10,4,4,casual,electric_bike,2800,11.957611571428572,9.042833333333334
2025,2025-04-10,4,4,member,classic_bike,5940,10.639458465207632,7.9868749999999995
2025,2025-04-10,4,4,member,electric_bike,9248,11.0993578341263,8.38485
2025,2025-04-11,4,5,casual,classic_bike,401,15.058631795511223,8.54815
2025,2025-04-11,4,5,casual,electric_bike,1024,10.201870784505209,7.667966666666667
2025,2025-04-11,4,5,member,classic_bike,1792,9.436030143229166,7.276408333333333
2025,2025-04-11,4,5,member,electric_bike,4111,9.789483961728694,7.3909
2025,2025-04-12,4,6,casual,classic_bike,2413,25.703186531288853,14.67825
2025,2025-04-12,4,6,casual,electric_bike,3127,14.32568601428419,9.791716666666668
2025,2025-04-12,4,6,member,classic_bike,3771,11.318647440997083,7.769283333333333
2025,2025-04-12,4,6,member,electric_bike,7651,11.359750860453971,8.08225
2025,2025-04-13,4,7,casual,classic_bike,3889,32.01491631524813,18.96715
2025,2025-04-13,4,7,casual,electric_bike,3826,17.92340334553058,11.257866666666665
2025,2025-04-13,4,7,member,classic_bike,4717,12.480185986856052,8.501433333333333
2025,2025-04-13,4,7,member,electric_bike,8814,12.774844223205506,8.811675000000001
2025,2025-04-14,4,1,casual,classic_bike,3022,30.096757461945728,18.534766666666666
2025,2025-04-14,4,1,casual,electric_bike,3128,16.147008338661553,9.941016666666666
2025,2025-04-14,4,1,member,classic_bike,5673,12.177790404841648,8.47635
2025,2025-04-14,4,1,member,electric_bike,9639,12.756422936335028,8.91505
2025,2025-04-15,4,2,casual,classic_bike,2289,24.853593505169652,13.843
2025,2025-04-15,4,2,casual,electric_bike,2966,14.10605726567768,9.390908333333332
2025,2025-04-15,4,2,member,classic_bike,5786,11.252574230902177,8.005508333333333
2025,2025-04-15,4,2,member,electric_bike,9526,11.558906562740567,8.607991666666667
2025,2025-04-16,4,3,casual,classic_bike,2485,24.888735325285047,15.078666666666667
2025,2025-04-16,4,3,casual,electric_bike,3122,14.48760473521247,9.482633333333332
2025,2025-04-16,4,3,member,classic_bike,5847,10.779058733823614,7.905
2025,2025-04-16,4,3,member,electric_bike,10136,11.785566929755328,8.660633333333333
2025,2025-04-17,4,4,casual,classic_bike,3086,28.081953823720024,17.55764166666667
2025,2025-04-17,4,4,casual,electric_bike,3702,16.03488199621826,10.045658333333332
2025,2025-04-17,4,4,member,classic_bike,5853,11.517103431288797,8.306366666666667
2025,2025-04-17,4,4,member,electric_bike,10634,12.386666602407374,9.032558333333332
2025,2025-04-18,4,5,casual,classic_bike,4437,32.34218619938397,18.542933333333334
2025,2025-04-18,4,5,casual,electric_bike,4879,18.242949610575938,11.436733333333333
2025,2025-04-18,4,5,member,classic_bike,5787,13.648717498991996,8.482000000000001
2025,2025-04-18,4,5,member,electric_bike,11228,13.22982275412659,9.5243
2025,2025-04-19,4,6,casual,classic_bike,5928,33.66406325910931,20.291775
2025,2025-04-19,4,6,casual,electric_bike,5142,19.111759023726176,11.710450000000002
2025,2025-04-19,4,6,member,classic_bike,5054,14.130881433847778,9.207708333333333
2025,2025-04-19,4,6,member,electric_bike,10352,13.719558252833592,9.608058333333332
2025,2025-04-20,4,7,casual,classic_bike,4412,32.23934025007555,19.186708333333332
2025,2025-04-20,4,7,casual,electric_bike,4566,18.96177471163674,11.850866666666667
2025,2025-04-20,4,7,member,classic_bike,4566,13.106501489268506,8.462824999999999
2025,2025-04-20,4,7,member,electric_bike,9214,13.67287414984444,9.401333333333334
2025,2025-04-21,4,1,casual,classic_bike,2657,27.0708851775185,16.041866666666667
2025,2025-04-21,4,1,casual,electric_bike,3233,14.828194752036293,9.837083333333334
2025,2025-04-21,4,1,member,classic_bike,5856,13.970922575136614,8.267166666666666
2025,2025-04-21,4,1,member,electric_bike,10331,12.449528604846256,8.925266666666666
2025,2025-04-22,4,2,casual,classic_bike,3172,27.28222748003363,15.168083333333332
2025,2025-04-22,4,2,casual,electric_bike,3569,14.964160609881386,10.169383333333334
2025,2025-04-22,4,2,member,classic_bike,7277,12.050170322019147,8.834983333333334
2025,2025-04-22,4,2,member,electric_bike,11577,12.879067861564597,9.33495
2025,2025-04-23,4,3,casual,classic_bike,3558,24.87793760071201,14.7963
2025,2025-04-23,4,3,casual,electric_bike,3317,15.813964445784343,10.7671
2025,2025-04-23,4,3,member,classic_bike,7977,12.351897179390747,8.888466666666666
2025,2025-04-23,4,3,member,electric_bike,11075,12.995315075996988,9.60285
2025,2025-04-24,4,4,casual,classic_bike,3803,25.174894206328336,15.4683
2025,2025-04-24,4,4,casual,electric_bike,3752,15.043925217661691,10.733816666666666
2025,2025-04-24,4,4,member,classic_bike,7640,11.642089048865621,8.741433333333333
2025,2025-04-24,4,4,member,electric_bike,11407,13.046369856228631,9.316816666666666
2025,2025-04-25,4,5,casual,classic_bike,3949,26.856748991305817,16.167983333333332
2025,2025-04-25,4,5,casual,electric_bike,3231,14.96496479933973,10.005066666666666
2025,2025-04-25,4,5,member,classic_bike,6731,12.532245238448967,8.4767
2025,2025-04-25,4,5,member,electric_bike,9733,13.30750131682592,9.471816666666665
2025,2025-04-26,4,6,casual,classic_bike,3490,29.468072063037248,16.944041666666667
2025,2025-04-26,4,6,casual,electric_bike,3814,16.09698841111694,10.941291666666666
2025,2025-04-26,4,6,member,classic_bike,4266,16.18356971011095,8.7088
2025,2025-04-26,4,6,member,electric_bike,9131,12.686096053736355,9.12645
2025,2025-04-27,4,7,casual,classic_bike,4018,32.4925418782147,19.404525
2025,2025-04-27,4,7,casual,electric_bike,4404,17.256043290190735,11.383
2025,2025-04-27,4,7,member,classic_bike,4839,13.597578866156919,8.823766666666668
2025,2025-04-27,4,7,member,electric_bike,10135,13.294033945074826,9.183483333333333
2025,2025-04-28,4,1,casual,classic_bike,2786,27.10752161402249,16.482075000000002
2025,2025-04-28,4,1,casual,electric_bike,3295,14.686741795649974,10.061483333333333
2025,2025-04-28,4,1,member,classic_bike,6156,12.498704499675114,8.582316666666667
2025,2025-04-28,4,1,member,electric_bike,11097,12.874259729356282,9.170216666666667
2025,2025-04-29,4,2,casual,classic_bike,2964,25.31290634278003,14.971983333333334
2025,2025-04-29,4,2,casual,electric_bike,3575,14.811599864801865,10.396316666666667
2025,2025-04-29,4,2,member,classic_bike,7064,12.09503831870517,8.781466666666667
2025,2025-04-29,4,2,member,electric_bike,11737,13.060346837635967,9.566583333333334
2025,2025-04-30,4,3,casual,classic_bike,3066,25.4024938410524,14.136666666666667
2025,2025-04-30,4,3,casual,electric_bike,3597,14.626416801037902,10.3021
2025,2025-04-30,4,3,member,classic_bike,7452,12.25370588656289,8.755716666666668
2025,2025-04-30,4,3,member,electric_bike,11995,12.955311524246213,9.38775
2025,2025-05-01,5,4,casual,classic_bike,3212,24.14647171544209,15.21345
2025,2025-05-01,5,4,casual,electric_bike,4165,15.354627571028411,10.931716666666667
2025,2025-05-01,5,4,member,classic_bike,7240,12.1518438927256,8.602583333333332
2025,2025-05-01,5,4,member,electric_bike,12261,12.828188157572793,9.439699999999998
2025,2025-05-02,5,5,casual,classic_bike,3920,28.40624255952381,17.248475
2025,2025-05-02,5,5,casual,electric_bike,4735,15.675109581133404,10.689883333333334
2025,2025-05-02,5,5,member,classic_bike,6254,12.359428157978893,8.591108333333333
2025,2025-05-02,5,5,member,electric_bike,12849,13.280623917555193,9.562116666666666
2025,2025-05-03,5,6,casual,classic_bike,5045,29.041670247770067,17.307033333333333
2025,2025-05-03,5,6,casual,electric_bike,5710,17.561971748394626,11.904333333333334
2025,2025-05-03,5,6,member,classic_bike,5527,13.248396520113383,9.063033333333333
2025,2025-05-03,5,6,member,electric_bike,11486,13.865232815311394,9.894775
2025,2025-05-04,5,7,casual,classic_bike,2443,28.12768559830809,16.66005
2025,2025-05-04,5,7,casual,electric_bike,3222,16.183662595696255,10.396275
2025,2025-05-04,5,7,member,classic_bike,3636,12.102595393289327,7.9115
2025,2025-05-04,5,7,member,electric_bike,8374,12.914217223947137,8.644191666666668
2025,2025-05-05,5,1,casual,classic_bike,1838,22.33009405150526,13.289583333333333
2025,2025-05-05,5,1,casual,electric_bike,2633,14.275525800734272,9.763516666666668
2025,2025-05-05,5,1,member,classic_bike,4928,12.699666301406928,8.127591666666667
2025,2025-05-05,5,1,member,electric_bike,9666,12.331199315470032,8.824466666666666
2025,2025-05-06,5,2,casual,classic_bike,2746,24.477224544792424,14.010366666666666
2025,2025-05-06,5,2,casual,electric_bike,3534,14.497747882475004,10.074141666666666
2025,2025-05-06,5,2,member,classic_bike,7143,12.015960660786783,8.883333333333333
2025,2025-05-06,5,2,member,electric_bike,11759,13.182519387986506,9.316833333333333
2025,2025-05-07,5,3,casual,classic_bike,3235,26.192238109222053,15.092183333333333
2025,2025-05-07,5,3,casual,electric_bike,3492,14.566033586292479,10.47185
2025,2025-05-07,5,3,member,classic_bike,7372,12.25536291372762,8.768041666666667
2025,2025-05-07,5,3,member,electric_bike,12088,13.366114689499229,9.532216666666667
2025,2025-05-08,5,4,casual,classic_bike,2860,25.96989372960373,14.616366666666668
2025,2025-05-08,5,4,casual,electric_bike,3359,13.77098669742979,10.150466666666667
2025,2025-05-08,5,4,member,classic_bike,6585,12.604659263477602,8.59735
2025,2025-05-08,5,4,member,electric_bike,10867,12.863874924082085,9.300450000000001
2025,2025-05-09,5,5,casual,classic_bike,2517,26.249240100648926,14.054183333333333
2025,2025-05-09,5,5,casual,electric_bike,3393,13.742324024953335,9.72165
2025,2025-05-09,5,5,member,classic_bike,5323,11.404878943578183,8.002183333333333
2025,2025-05-09,5,5,member,electric_bike,10855,12.877659121756487,9.01415
2025,2025-05-10,5,6,casual,classic_bike,5184,31.9815568126286,18.785533333333333
2025,2025-05-10,5,6,casual,electric_bike,4943,17.937675692899052,11.553633333333332
2025,2025-05-10,5,6,member,classic_bike,5831,13.958406988509692,9.261833333333334
2025,2025-05-10,5,6,member,electric_bike,11391,14.251940243759696,10.085716666666666
2025,2025-05-11,5,7,casual,classic_bike,4152,31.04238006984586,18.615408333333335
2025,2025-05-11,5,7,casual,electric_bike,3975,18.542735966457023,11.143533333333332
2025,2025-05-11,5,7,member,classic_bike,5102,13.605419482555861,8.563258333333334
2025,2025-05-11,5,7,member,electric_bike,9341,14.07230654105556,9.488883333333332
2025,2025-05-12,5,1,casual,classic_bike,2718,27.627058014471427,15.160091666666666
2025,2025-05-12,5,1,casual,electric_bike,2920,14.579891187214612,9.768383333333333
2025,2025-05-12,5,1,member,classic_bike,6141,11.489146330673615,8.502583333333332
2025,2025-05-12,5,1,member,electric_bike,10397,12.677587958064825,9.008233333333333
2025,2025-05-13,5,2,casual,classic_bike,491,20.416680414120844,9.2058
2025,2025-05-13,5,2,casual,electric_bike,928,11.828262482040232,8.377416666666667
2025,2025-05-13,5,2,member,classic_bike,1810,11.30881573664825,7.656541666666667
2025,2025-05-13,5,2,member,electric_bike,4526,10.468157044483723,7.221633333333333
2025,2025-05-14,5,3,casual,classic_bike,2512,23.408304345806794,13.852108333333334
2025,2025-05-14,5,3,casual,electric_bike,2987,14.26922680504408,10.165733333333332
2025,2025-05-14,5,3,member,classic_bike,5900,11.734755559322034,8.509308333333333
2025,2025-05-14,5,3,member,electric_bike,11140,12.611711273189707,9.087291666666667
2025,2025-05-15,5,4,casual,classic_bike,3436,26.701573772797826,15.392291666666665
2025,2025-05-15,5,4,casual,electric_bike,3947,15.2442432522591,10.22435
2025,2025-05-15,5,4,member,classic_bike,7219,13.141447518123469,9.019766666666667
2025,2025-05-15,5,4,member,electric_bike,12475,13.003713507014028,9.166433333333334
2025,2025-05-16,5,5,casual,classic_bike,3147,29.150334344878722,15.931766666666666
2025,2025-05-16,5,5,casual,electric_bike,4000,14.648752645833333,9.977241666666668
2025,2025-05-16,5,5,member,classic_bike,5711,14.075598170197864,8.656983333333333
2025,2025-05-16,5,5,member,electric_bike,11893,13.19223841895793,9.2556
2025,2025-05-17,5,6,casual,classic_bike,5465,30.89317373284538,18.17375
2025,2025-05-17,5,6,casual,electric_bike,5471,17.54817390178517,11.815483333333333
2025,2025-05-17,5,6,member,classic_bike,5784,13.699690044375288,9.171
2025,2025-05-17,5,6,member,electric_bike,11231,14.494876639064495,10.22715
2025,2025-05-18,5,7,casual,classic_bike,4430,33.35283448457486,18.19215833333333
2025,2025-05-18,5,7,casual,electric_bike,4578,16.573582237512742,11.062416666666667
2025,2025-05-18,5,7,member,classic_bike,5182,14.68642084459025,8.855466666666667
2025,2025-05-18,5,7,member,electric_bike,10066,13.879235931187496,9.551658333333332
2025,2025-05-19,5,1,casual,classic_bike,3223,27.602941555486606,16.313566666666667
2025,2025-05-19,5,1,casual,electric_bike,3467,15.765968065570618,10.303966666666668
2025,2025-05-19,5,1,member,classic_bike,6297,12.558488462760042,8.855383333333332
2025,2025-05-19,5,1,member,electric_bike,11044,13.064606104370396,9.231458333333332
2025,2025-05-20,5,2,casual,classic_bike,3042,24.304347156476002,13.949841666666668
2025,2025-05-20,5,2,casual,electric_bike,3277,14.830994390194283,10.2047
2025,2025-05-20,5,2,member,classic_bike,7244,12.002695446806552,8.927441666666667
2025,2025-05-20,5,2,member,electric_bike,10861,13.262215557192398,9.49005
2025,2025-05-21,5,3,casual,classic_bike,1040,17.150389358974362,9.978958333333335
2025,2025-05-21,5,3,casual,electric_bike,1790,11.637893668528864,8.614958333333334
2025,2025-05-21,5,3,member,classic_bike,3393,10.689493516062482,7.4794
2025,2025-05-21,5,3,member,electric_bike,7081,11.295143692039728,8.074883333333334
2025,2025-05-22,5,4,casual,classic_bike,1895,24.221985664028146,12.233216666666667
2025,2025-05-22,5,4,casual,electric_bike,2802,13.66964513442779,9.576391666666666
2025,2025-05-22,5,4,member,classic_bike,4859,11.097926939699526,7.994883333333333
2025,2025-05-22,5,4,member,electric_bike,9560,12.15670303172943,8.742208333333334
2025,2025-05-23,5,5,casual,classic_bike,3231,24.49451440730424,15.43955
2025,2025-05-23,5,5,casual,electric_bike,4067,15.39438899680354,10.451116666666667
2025,2025-05-23,5,5,member,classic_bike,5568,11.527405007782567,8.264775
2025,2025-05-23,5,5,member,electric_bike,11229,13.378272952474248,9.500283333333334
2025,2025-05-24,5,6,casual,classic_bike,5043,33.688798651596265,20.460033333333335
2025,2025-05-24,5,6,casual,electric_bike,4618,19.632823975025264,12.343541666666667
2025,2025-05-24,5,6,member,classic_bike,4248,14.115410856089142,9.003491666666667
2025,2025-05-24,5,6,member,electric_bike,9359,13.987482984293194,9.663583333333333
2025,2025-05-25,5,7,casual,classic_bike,5444,35.10719287594906,20.453233333333337
2025,2025-05-25,5,7,casual,electric_bike,4512,19.696220523049647,12.080291666666668
2025,2025-05-25,5,7,member,classic_bike,4343,14.43169777035843,8.637983333333333
2025,2025-05-25,5,7,member,electric_bike,8895,14.191446469926923,9.383766666666666
2025,2025-05-26,5,1,casual,classic_bike,4563,34.92761683103222,20.5274
2025,2025-05-26,5,1,casual,electric_bike,3988,18.53539139501839,11.345808333333334
2025,2025-05-26,5,1,member,classic_bike,4149,14.625447569695508,8.845816666666668
2025,2025-05-26,5,1,member,electric_bike,8821,13.918337231228508,9.150749999999999
2025,2025-05-27,5,2,casual,classic_bike,2275,22.929410527472527,14.031866666666668
2025,2025-05-27,5,2,casual,electric_bike,2458,13.393455037971249,9.364925
2025,2025-05-27,5,2,member,classic_bike,5235,10.657367730022285,8.081033333333334
2025,2025-05-27,5,2,member,electric_bike,9173,12.099215078672916,8.83205
2025,2025-05-28,5,3,casual,classic_bike,633,18.52501711427067,10.182616666666666
2025,2025-05-28,5,3,casual,electric_bike,1201,11.284105106855398,8.395466666666668
2025,2025-05-28,5,3,member,classic_bike,2321,10.984340830101967,7.463216666666667
2025,2025-05-28,5,3,member,electric_bike,5060,11.158146083662714,7.794441666666667
2025,2025-05-29,5,4,casual,classic_bike,3341,25.606487189464232,14.484466666666666
2025,2025-05-29,5,4,casual,electric_bike,3244,17.50772738902589,10.504375
2025,2025-05-29,5,4,member,classic_bike,6986,12.196904334860195,8.384833333333333
2025,2025-05-29,5,4,member,electric_bike,10504,13.3754923108657,9.556916666666666
2025,2025-05-30,5,5,casual,classic_bike,2743,27.753246026248632,14.4031
2025,2025-05-30,5,5,casual,electric_bike,3242,16.910214769689492,10.228491666666667
2025,2025-05-30,5,5,member,classic_bike,5482,11.41077492703393,8.218366666666666
2025,2025-05-30,5,5,member,electric_bike,9755,13.089166424056039,9.327366666666668
2025,2025-05-31,5,6,casual,classic_bike,4010,29.28604639235245,16.702483333333333
2025,2025-05-31,5,6,casual,electric_bike,3960,16.08097534090909,10.320591666666667
2025,2025-05-31,5,6,member,classic_bike,4816,14.161247480620155,8.680983333333334
2025,2025-05-31,5,6,member,electric_bike,9114,12.91936407358642,9.014558333333333
2025,2025-06-01,6,7,casual,classic_bike,4400,32.08039974621213,17.996175
2025,2025-06-01,6,7,casual,electric_bike,3852,16.692411158705433,10.851099999999999
2025,2025-06-01,6,7,member,classic_bike,5265,12.740070364039253,8.406333333333333
2025,2025-06-01,6,7,member,electric_bike,9106,13.643938877297021,9.256341666666668
2025,2025-06-02,6,1,casual,classic_bike,3331,26.744472580806562,16.208233333333332
2025,2025-06-02,6,1,casual,electric_bike,3039,14.37131038170451,9.989366666666665
2025,2025-06-02,6,1,member,classic_bike,6817,12.352913388098381,8.845933333333333
2025,2025-06-02,6,1,member,electric_bike,10069,13.316605904260602,9.4846
2025,2025-06-03,6,2,casual,classic_bike,3358,28.04332620111177,14.981958333333333
2025,2025-06-03,6,2,casual,electric_bike,3487,15.279587592008411,10.685049999999999
2025,2025-06-03,6,2,member,classic_bike,7416,14.504071312028048,9.097091666666667
2025,2025-06-03,6,2,member,electric_bike,11455,13.251032119889423,9.585
2025,2025-06-04,6,3,casual,classic_bike,3399,23.8145562861626,13.717466666666667
2025,2025-06-04,6,3,casual,electric_bike,3853,15.078345077428843,10.562633333333334
2025,2025-06-04,6,3,member,classic_bike,7514,11.923579187738444,8.834308333333333
2025,2025-06-04,6,3,member,electric_bike,11516,13.336365122438348,9.725166666666667
2025,2025-06-05,6,4,casual,classic_bike,3511,25.34649687173645,14.1899
2025,2025-06-05,6,4,casual,electric_bike,4061,14.373378970696873,10.29325
2025,2025-06-05,6,4,member,classic_bike,7446,12.439538235294119,8.755091666666667
2025,2025-06-05,6,4,member,electric_bike,11586,12.950994529316992,9.404499999999999
2025,2025-06-06,6,5,casual,classic_bike,4240,26.30778190251572,14.660841666666666
2025,2025-06-06,6,5,casual,electric_bike,4779,14.983312764176604,10.527099999999999
2025,2025-06-06,6,5,member,classic_bike,6619,12.15691078964597,8.634483333333332
2025,2025-06-06,6,5,member,electric_bike,11929,13.261845756839076,9.716783333333332
2025,2025-06-07,6,6,casual,classic_bike,6026,28.836255548180105,15.718066666666665
2025,2025-06-07,6,6,casual,electric_bike,5049,16.459115702779428,11.362233333333334
2025,2025-06-07,6,6,member,classic_bike,6155,14.047710690495531,9.6629
2025,2025-06-07,6,6,member,electric_bike,10522,14.1189923160996,10.040116666666668
2025,2025-06-08,6,7,casual,classic_bike,3262,26.601195948293483,14.455558333333332
2025,2025-06-08,6,7,casual,electric_bike,3307,15.059795045862312,10.493883333333335
2025,2025-06-08,6,7,member,classic_bike,4271,11.67582303129634,8.2712
2025,2025-06-08,6,7,member,electric_bike,8024,13.040609525589897,8.811341666666667
2025,2025-06-09,6,1,casual,classic_bike,2792,26.75803613896848,15.055716666666667
2025,2025-06-09,6,1,casual,electric_bike,3341,14.955025845555221,10.151333333333334
2025,2025-06-09,6,1,member,classic_bike,6101,12.417799079385894,8.88895
2025,2025-06-09,6,1,member,electric_bike,10747,13.145397996340064,9.27615
2025,2025-06-10,6,2,casual,classic_bike,2888,26.89591215951062,14.240883333333333
2025,2025-06-10,6,2,casual,electric_bike,3536,14.642635732466063,10.363050000000001
2025,2025-06-10,6,2,member,classic_bike,7255,12.272497002067539,8.7988
2025,2025-06-10,6,2,member,electric_bike,11562,13.45111274433489,9.791558333333333
2025,2025-06-11,6,3,casual,classic_bike,3347,30.783663454835175,15.0129
2025,2025-06-11,6,3,casual,electric_bike,3992,15.818183045257182,10.609633333333333
2025,2025-06-11,6,3,member,classic_bike,7000,13.018979616666666,9.015141666666665
2025,2025-06-11,6,3,member,electric_bike,11873,13.413175195822454,9.6367
2025,2025-06-12,6,4,casual,classic_bike,2947,26.85172783621762,13.32045
2025,2025-06-12,6,4,casual,electric_bike,4210,14.79543214172605,9.970583333333334
2025,2025-06-12,6,4,member,classic_bike,6519,12.169516832847576,8.48955
2025,2025-06-12,6,4,member,electric_bike,12159,13.068677592729665,9.407166666666665
2025,2025-06-13,6,5,casual,classic_bike,3163,26.301346253556748,13.333416666666666
2025,2025-06-13,6,5,casual,electric_bike,4274,15.084503778661675,10.2416
2025,2025-06-13,6,5,member,classic_bike,5539,11.215620773906242,7.946516666666667
2025,2025-06-13,6,5,member,electric_bike,11330,12.887845713445131,9.077208333333333
2025,2025-06-14,6,6,casual,classic_bike,4905,26.24856094461434,14.4392
2025,2025-06-14,6,6,casual,electric_bike,5099,16.588145116689546,10.701966666666667
2025,2025-06-14,6,6,member,classic_bike,5334,12.422074590676166,8.587775
2025,2025-06-14,6,6,member,electric_bike,9993,13.830036086927517,9.425933333333335
2025,2025-06-15,6,7,casual,classic_bike,2641,29.447456436955697,16.201983333333335
2025,2025-06-15,6,7,casual,electric_bike,2998,15.471848693573493,10.112783333333333
2025,2025-06-15,6,7,member,classic_bike,3771,12.384494006894723,8.327466666666668
2025,2025-06-15,6,7,member,electric_bike,6999,12.291076913368576,8.4161
2025,2025-06-16,6,1,casual,classic_bike,1310,23.71794124681934,12.099491666666665
2025,2025-06-16,6,1,casual,electric_bike,2275,13.508228747252748,8.9708
2025,2025-06-16,6,1,member,classic_bike,4185,11.482204902429311,8.3303
2025,2025-06-16,6,1,member,electric_bike,8364,11.922961475769169,8.478075
2025,2025-06-17,6,2,casual,classic_bike,2466,26.11369207218167,13.951675
2025,2025-06-17,6,2,casual,electric_bike,3349,14.494036294416246,9.844883333333334
2025,2025-06-17,6,2,member,classic_bike,6388,11.969853861406806,8.603483333333333
2025,2025-06-17,6,2,member,electric_bike,10914,12.982395398876063,9.344583333333333
2025,2025-06-18,6,3,casual,classic_bike,2183,24.12354743472286,13.050466666666667
2025,2025-06-18,6,3,casual,electric_bike,2980,14.060706510067115,9.905483333333333
2025,2025-06-18,6,3,member,classic_bike,5165,11.08847391416586,8.2822
2025,2025-06-18,6,3,member,electric_bike,9687,12.538176139843777,9.111916666666668
2025,2025-06-19,6,4,casual,classic_bike,3022,27.761440541583944,15.572933333333335
2025,2025-06-19,6,4,casual,electric_bike,3673,15.887053902350486,10.3158
2025,2025-06-19,6,4,member,classic_bike,4566,13.18379814936487,8.0175
2025,2025-06-19,6,4,member,electric_bike,9321,12.774152100990595,8.860116666666666
2025,2025-06-20,6,5,casual,classic_bike,4046,28.871114520514087,16.643091666666667
2025,2025-06-20,6,5,casual,electric_bike,4371,17.178383661252195,10.822283333333333
2025,2025-06-20,6,5,member,classic_bike,5844,12.328167368240932,8.49985
2025,2025-06-20,6,5,member,electric_bike,11690,13.449982797262617,9.3977
2025,2025-06-21,6,6,casual,classic_bike,5251,30.11335105059354,17.987383333333334
2025,2025-06-21,6,6,casual,electric_bike,4741,17.01038660268579,11.544633333333334
2025,2025-06-21,6,6,member,classic_bike,5370,13.26591105524519,8.979458333333334
2025,2025-06-21,6,6,member,electric_bike,9927,13.887314675464225,9.959016666666667
2025,2025-06-22,6,7,casual,classic_bike,3714,29.395692793035362,16.127816666666668
2025,2025-06-22,6,7,casual,electric_bike,3955,16.189440893383903,10.6225
2025,2025-06-22,6,7,member,classic_bike,4414,12.23744180637366,7.987058333333334
2025,2025-06-22,6,7,member,electric_bike,8898,13.43764742076871,9.167958333333333
2025,2025-06-23,6,1,casual,classic_bike,2316,24.533429576856648,12.7879
2025,2025-06-23,6,1,casual,electric_bike,3031,13.537288667106566,9.331433333333333
2025,2025-06-23,6,1,member,classic_bike,5252,11.218402967123634,7.970916666666667
2025,2025-06-23,6,1,member,electric_bike,9988,12.269033722133226,8.548950000000001
2025,2025-06-24,6,2,casual,classic_bike,2226,22.82037163072776,12.032308333333333
2025,2025-06-24,6,2,casual,electric_bike,3140,13.837853964968154,9.448975
2025,2025-06-24,6,2,member,classic_bike,5640,11.46683841607565,7.798916666666667
2025,2025-06-24,6,2,member,electric_bike,10171,12.534393481466916,8.950216666666668
2025,2025-06-25,6,3,casual,classic_bike,2479,24.801759089686698,12.095733333333333
2025,2025-06-25,6,3,casual,electric_bike,3297,13.76428516327975,9.748666666666667
2025,2025-06-25,6,3,member,classic_bike,6065,11.315417400384721,7.846583333333333
2025,2025-06-25,6,3,member,electric_bike,10296,12.21319799112924,8.75565
2025,2025-06-26,6,4,casual,classic_bike,2684,24.414785655737706,13.065033333333334
2025,2025-06-26,6,4,casual,electric_bike,3272,14.39672121026895,9.928991666666667
2025,2025-06-26,6,4,member,classic_bike,6026,11.029580080761146,7.772225000000001
2025,2025-06-26,6,4,member,electric_bike,10307,12.184537689596066,8.855333333333334
2025,2025-06-27,6,5,casual,classic_bike,2756,24.774789308176107,14.132491666666667
2025,2025-06-27,6,5,casual,electric_bike,3455,13.62996700916546,9.778066666666666
2025,2025-06-27,6,5,member,classic_bike,5533,10.929728357129948,8.014033333333334
2025,2025-06-27,6,5,member,electric_bike,9790,12.38692688287368,8.889758333333333
2025,2025-06-28,6,6,casual,classic_bike,4768,28.91576819770693,16.296283333333335
2025,2025-06-28,6,6,casual,electric_bike,4266,17.09211783091108,11.039083333333334
2025,2025-06-28,6,6,member,classic_bike,5597,14.121528467631467,8.967466666666667
2025,2025-06-28,6,6,member,electric_bike,9661,13.636987863575202,9.507983333333334
2025,2025-06-29,6,7,casual,classic_bike,3508,28.623492460091217,16.40765833333333
2025,2025-06-29,6,7,casual,electric_bike,3493,15.86146189044756,10.5862
2025,2025-06-29,6,7,member,classic_bike,4688,11.707788463452786,7.9871083333333335
2025,2025-06-29,6,7,member,electric_bike,8475,12.933426041297936,9.0421
2025,2025-06-30,6,1,casual,classic_bike,2665,25.278824340212637,13.086350000000001
2025,2025-06-30,6,1,casual,electric_bike,2984,14.345930836684541,9.492725
2025,2025-06-30,6,1,member,classic_bike,6006,11.66546946941947,7.962383333333333
2025,2025-06-30,6,1,member,electric_bike,9984,12.637130867721687,8.733491666666668
2025,2025-07-01,7,2,casual,classic_bike,1716,22.578405351592853,12.6848
2025,2025-07-01,7,2,casual,electric_bike,2308,14.040603690063548,9.451616666666666
2025,2025-07-01,7,2,member,classic_bike,4584,10.43273111183828,7.950633333333333
2025,2025-07-01,7,2,member,electric_bike,8016,11.880412061294079,8.539774999999999
2025,2025-07-02,7,3,casual,classic_bike,2981,25.55069703678855,14.9672
2025,2025-07-02,7,3,casual,electric_bike,3594,14.911765043591172,10.207516666666667
2025,2025-07-02,7,3,member,classic_bike,6278,11.30765871296591,8.426925
2025,2025-07-02,7,3,member,electric_bike,10521,12.941111114279378,9.380033333333333
2025,2025-07-03,7,4,casual,classic_bike,3502,27.601553379021514,14.902483333333333
2025,2025-07-03,7,4,casual,electric_bike,3932,16.27054298491014,10.457833333333333
2025,2025-07-03,7,4,member,classic_bike,5805,11.635572147573928,8.1029
2025,2025-07-03,7,4,member,electric_bike,10688,12.977572397392715,9.303783333333335
2025,2025-07-04,7,5,casual,classic_bike,6717,35.61632814252395,19.464
2025,2025-07-04,7,5,casual,electric_bike,4945,21.35505192787327,12.893049999999999
2025,2025-07-04,7,5,member,classic_bike,4922,13.912704425707709,9.151916666666665
2025,2025-07-04,7,5,member,electric_bike,9049,15.423849815817581,10.196533333333333
2025,2025-07-05,7,6,casual,classic_bike,5115,36.03527601824699,20.069233333333333
2025,2025-07-05,7,6,casual,electric_bike,3962,20.217164252061245,12.355
2025,2025-07-05,7,6,member,classic_bike,4319,14.039666099405725,8.803116666666666
2025,2025-07-05,7,6,member,electric_bike,8337,14.31200092559274,9.816033333333333
2025,2025-07-06,7,7,casual,classic_bike,3527,36.01357381627445,17.967699999999997
2025,2025-07-06,7,7,casual,electric_bike,3615,18.43803958506224,11.57235
2025,2025-07-06,7,7,member,classic_bike,4132,15.174185495321073,8.318883333333332
2025,2025-07-06,7,7,member,electric_bike,8043,13.341480852915579,9.04285
2025,2025-07-07,7,1,casual,classic_bike,2228,23.552027251645722,13.858450000000001
2025,2025-07-07,7,1,casual,electric_bike,2929,15.011177364288153,9.769466666666666
2025,2025-07-07,7,1,member,classic_bike,5427,11.27567968490879,8.150933333333333
2025,2025-07-07,7,1,member,electric_bike,9638,12.815205571695373,9.123149999999999
2025,2025-07-08,7,2,casual,classic_bike,2010,22.563431807628522,12.60195
2025,2025-07-08,7,2,casual,electric_bike,2855,13.532587513134851,9.1929
2025,2025-07-08,7,2,member,classic_bike,5675,11.31907596475771,8.113949999999999
2025,2025-07-08,7,2,member,electric_bike,9695,12.616442937940521,9.031033333333333
2025,2025-07-09,7,3,casual,classic_bike,1911,23.816986394557823,13.433
2025,2025-07-09,7,3,casual,electric_bike,2776,14.174478914505285,9.613633333333333
2025,2025-07-09,7,3,member,classic_bike,5192,11.22453186633282,8.063175000000001
2025,2025-07-09,7,3,member,electric_bike,9296,12.137812283060814,8.886458333333334
2025,2025-07-10,7,4,casual,classic_bike,2838,25.256546024195448,13.334208333333333
2025,2025-07-10,7,4,casual,electric_bike,3974,15.203000423586646,10.4299
2025,2025-07-10,7,4,member,classic_bike,6349,12.905473279256578,8.409650000000001
2025,2025-07-10,7,4,member,electric_bike,11339,13.483985514595643,9.710083333333333
2025,2025-07-11,7,5,casual,classic_bike,3230,25.44137746130031,14.274008333333335
2025,2025-07-11,7,5,casual,electric_bike,4566,14.888940151846985,10.299425
2025,2025-07-11,7,5,member,classic_bike,6032,12.576747347480106,8.424541666666666
2025,2025-07-11,7,5,member,electric_bike,12165,13.322457292779832,9.372416666666668
2025,2025-07-12,7,6,casual,classic_bike,4447,29.03653308222772,16.878183333333332
2025,2025-07-12,7,6,casual,electric_bike,4611,16.16892648015615,10.454433333333332
2025,2025-07-12,7,6,member,classic_bike,4852,12.975371832921132,8.225141666666666
2025,2025-07-12,7,6,member,electric_bike,9875,13.052871373839661,9.101016666666668
2025,2025-07-13,7,7,casual,classic_bike,3071,28.613218110278957,16.08975
2025,2025-07-13,7,7,casual,electric_bike,3992,16.415442046593185,10.603850000000001
2025,2025-07-13,7,7,member,classic_bike,4253,12.247846045928364,7.917633333333333
2025,2025-07-13,7,7,member,electric_bike,8932,13.284284673085537,9.075658333333333
2025,2025-07-14,7,1,casual,classic_bike,1805,26.015923130193904,12.847983333333334
2025,2025-07-14,7,1,casual,electric_bike,2845,13.873040925600469,9.271733333333334
2025,2025-07-14,7,1,member,classic_bike,4401,11.263029682647883,7.7631499999999996
2025,2025-07-14,7,1,member,electric_bike,8992,12.31179375,8.641216666666667
2025,2025-07-15,7,2,casual,classic_bike,2971,25.00867901940985,14.523050000000001
2025,2025-07-15,7,2,casual,electric_bike,4026,14.981301825633384,9.813233333333333
2025,2025-07-15,7,2,member,classic_bike,6305,12.303153666402325,8.54325
2025,2025-07-15,7,2,member,electric_bike,11995,13.303994069751285,9.405416666666667
2025,2025-07-16,7,3,casual,classic_bike,2382,26.258155667506298,13.161133333333334
2025,2025-07-16,7,3,casual,electric_bike,3687,14.11478853177832,9.88875
2025,2025-07-16,7,3,member,classic_bike,5682,11.828612915053384,8.454908333333332
2025,2025-07-16,7,3,member,electric_bike,11115,12.508481282051283,9.049616666666667
2025,2025-07-17,7,4,casual,classic_bike,2855,26.11400054290718,13.726883333333335
2025,2025-07-17,7,4,casual,electric_bike,4386,14.582405984952121,9.924216666666666
2025,2025-07-17,7,4,member,classic_bike,5985,12.610941991088833,8.296066666666666
2025,2025-07-17,7,4,member,electric_bike,11788,13.094362036251557,9.552025
2025,2025-07-18,7,5,casual,classic_bike,3130,23.789831224707132,14.263466666666666
2025,2025-07-18,7,5,casual,electric_bike,4272,15.07931086142322,9.788083333333333
2025,2025-07-18,7,5,member,classic_bike,5818,11.431062733470839,8.186275
2025,2025-07-18,7,5,member,electric_bike,11554,13.098304626103513,9.471491666666665
2025,2025-07-19,7,6,casual,classic_bike,4537,29.25004459260892,17.376266666666666
2025,2025-07-19,7,6,casual,electric_bike,4594,17.96898551734146,11.131241666666668
2025,2025-07-19,7,6,member,classic_bike,4662,15.333859187759186,8.696774999999999
2025,2025-07-19,7,6,member,electric_bike,9235,13.633274932322685,9.377383333333334
2025,2025-07-20,7,7,casual,classic_bike,3925,32.791226653927815,17.618100000000002
2025,2025-07-20,7,7,casual,electric_bike,4215,17.270363147489128,11.019333333333332
2025,2025-07-20,7,7,member,classic_bike,4642,13.592351357173632,8.635124999999999
2025,2025-07-20,7,7,member,electric_bike,9423,13.394094154374049,9.29135
2025,2025-07-21,7,1,casual,classic_bike,3134,26.816348239736225,15.847541666666668
2025,2025-07-21,7,1,casual,electric_bike,3562,15.447767125210556,10.097808333333333
2025,2025-07-21,7,1,member,classic_bike,6106,11.625010590675839,8.481349999999999
2025,2025-07-21,7,1,member,electric_bike,10820,13.767241920825633,9.659558333333333
2025,2025-07-22,7,2,casual,classic_bike,3233,26.237494447881225,14.727
2025,2025-07-22,7,2,casual,electric_bike,3641,14.446927657237023,9.999433333333334
2025,2025-07-22,7,2,member,classic_bike,7127,11.790409232496142,8.667133333333334
2025,2025-07-22,7,2,member,electric_bike,11359,13.803204347507117,9.959716666666667
2025,2025-07-23,7,3,casual,classic_bike,3264,26.055052604166665,13.94045
2025,2025-07-23,7,3,casual,electric_bike,3923,15.077174364856825,10.376283333333333
2025,2025-07-23,7,3,member,classic_bike,6915,11.951060175946012,8.709716666666667
2025,2025-07-23,7,3,member,electric_bike,11609,13.645929729807332,9.879150000000001
2025,2025-07-24,7,4,casual,classic_bike,3349,26.735040574300786,14.505283333333333
2025,2025-07-24,7,4,casual,electric_bike,4141,15.322528934234885,10.389066666666668
2025,2025-07-24,7,4,member,classic_bike,6772,12.557645737349873,8.508758333333333
2025,2025-07-24,7,4,member,electric_bike,11635,13.396429736427446,9.68685
2025,2025-07-25,7,5,casual,classic_bike,2924,25.215734308025535,13.429233333333334
2025,2025-07-25,7,5,casual,electric_bike,4332,14.83029329409049,10.136183333333335
2025,2025-07-25,7,5,member,classic_bike,5454,11.580978948172596,7.726025
2025,2025-07-25,7,5,member,electric_bike,11073,12.623354766850296,9.151216666666667
2025,2025-07-26,7,6,casual,classic_bike,4340,29.285053241167436,16.310575
2025,2025-07-26,7,6,casual,electric_bike,5248,17.606416241107723,10.912783333333334
2025,2025-07-26,7,6,member,classic_bike,4784,12.298622153706802,8.328875
2025,2025-07-26,7,6,member,electric_bike,10492,13.012101512263312,9.081875
2025,2025-07-27,7,7,casual,classic_bike,2817,29.07657817418057,16.066183333333335
2025,2025-07-27,7,7,casual,electric_bike,3853,15.270564936413184,9.929633333333333
2025,2025-07-27,7,7,member,classic_bike,3847,11.893285464864396,7.758349999999999
2025,2025-07-27,7,7,member,electric_bike,8256,12.589655884609174,8.663575000000002
2025,2025-07-28,7,1,casual,classic_bike,2458,25.292336764307024,15.298341666666666
2025,2025-07-28,7,1,casual,electric_bike,3634,14.515683259952302,9.300866666666668
2025,2025-07-28,7,1,member,classic_bike,5431,11.532387758546614,7.903716666666667
2025,2025-07-28,7,1,member,electric_bike,11494,12.294656490342787,8.659158333333334
2025,2025-07-29,7,2,casual,classic_bike,2443,25.71604089234548,13.615466666666666
2025,2025-07-29,7,2,casual,electric_bike,3788,13.609143189017953,9.167958333333333
2025,2025-07-29,7,2,member,classic_bike,5854,12.281171634779637,8.099758333333334
2025,2025-07-29,7,2,member,electric_bike,11644,12.465722609641592,8.923683333333333
2025,2025-07-30,7,3,casual,classic_bike,2471,21.779880972615675,11.898683333333334
2025,2025-07-30,7,3,casual,electric_bike,3956,13.247576777890124,9.353233333333334
2025,2025-07-30,7,3,member,classic_bike,5877,10.896951840508196,7.7991
2025,2025-07-30,7,3,member,electric_bike,11436,12.19606749591932,8.917491666666667
2025,2025-07-31,7,4,casual,classic_bike,1822,22.556242618002198,12.044466666666667
2025,2025-07-31,7,4,casual,electric_bike,3351,13.36760000994728,9.38665
2025,2025-07-31,7,4,member,classic_bike,5089,11.038298224929587,7.589416666666667
2025,2025-07-31,7,4,member,electric_bike,9885,12.22741844545608,8.706166666666666
2025,2025-08-01,8,5,casual,classic_bike,2959,23.69364562352146,14.899750000000001
2025,2025-08-01,8,5,casual,electric_bike,4141,14.93814182564598,10.031583333333334
2025,2025-08-01,8,5,member,classic_bike,5459,12.391357345667705,8.140916666666666
2025,2025-08-01,8,5,member,electric_bike,8633,11.892293150314684,8.794283333333334
2025,2025-08-02,8,6,casual,classic_bike,4835,30.977171099620822,18.517916666666668
2025,2025-08-02,8,6,casual,electric_bike,5207,18.68183928365662,11.444266666666666
2025,2025-08-02,8,6,member,classic_bike,5259,13.574591525638589,8.780616666666667
2025,2025-08-02,8,6,member,electric_bike,7968,13.149362755187417,9.289733333333334
2025,2025-08-03,8,7,casual,classic_bike,4431,30.20711983750846,18.65191666666667
2025,2025-08-03,8,7,casual,electric_bike,4569,17.53951526227475,11.013416666666666
2025,2025-08-03,8,7,member,classic_bike,5020,14.063530760292164,9.058308333333333
2025,2025-08-03,8,7,member,electric_bike,7204,12.736181484823248,9.3472
2025,2025-08-04,8,1,casual,classic_bike,2510,29.00107385790173,16.383425
2025,2025-08-04,8,1,casual,electric_bike,3500,14.40488569047619,9.721341666666667
2025,2025-08-04,8,1,member,classic_bike,5643,11.923942521708312,8.554933333333334
2025,2025-08-04,8,1,member,electric_bike,8094,11.531886895642865,8.717775
2025,2025-08-05,8,2,casual,classic_bike,2643,23.042514264093832,14.23095
2025,2025-08-05,8,2,casual,electric_bike,3483,14.062522624174562,9.710916666666666
2025,2025-08-05,8,2,member,classic_bike,6404,11.153210980116594,8.298241666666666
2025,2025-08-05,8,2,member,electric_bike,8367,11.349275586630014,8.948450000000001
2025,2025-08-06,8,3,casual,classic_bike,2563,24.258540284822477,13.670283333333334
2025,2025-08-06,8,3,casual,electric_bike,3727,14.037719050174402,9.621966666666667
2025,2025-08-06,8,3,member,classic_bike,6651,12.062901157720646,8.49825
2025,2025-08-06,8,3,member,electric_bike,8539,11.265143318889798,9.024316666666666
2025,2025-08-07,8,4,casual,classic_bike,2826,25.430947204529375,15.009825
2025,2025-08-07,8,4,casual,electric_bike,3828,14.794999756182516,9.899133333333333
2025,2025-08-07,8,4,member,classic_bike,6191,12.106212572013135,8.514383333333333
2025,2025-08-07,8,4,member,electric_bike,8552,11.573367547552229,9.251625
2025,2025-08-08,8,5,casual,classic_bike,3112,27.455937007283637,16.462525
2025,2025-08-08,8,5,casual,electric_bike,4552,15.289134658758053,10.1167
2025,2025-08-08,8,5,member,classic_bike,5407,12.033211260094939,8.457983333333333
2025,2025-08-08,8,5,member,electric_bike,8481,11.49701444994694,8.924900000000001
2025,2025-08-09,8,6,casual,classic_bike,4378,32.04799584665753,19.384875
2025,2025-08-09,8,6,casual,electric_bike,5284,16.96218407456472,10.634208333333332
2025,2025-08-09,8,6,member,classic_bike,4721,14.66582172915343,9.321516666666668
2025,2025-08-09,8,6,member,electric_bike,7508,12.294347420529215,9.265741666666667
2025,2025-08-10,8,7,casual,classic_bike,3515,31.99815836415363,19.074066666666667
2025,2025-08-10,8,7,casual,electric_bike,4505,16.08089039955605,10.539250000000001
2025,2025-08-10,8,7,member,classic_bike,4416,13.245604287439612,8.583258333333333
2025,2025-08-10,8,7,member,electric_bike,6973,12.190688665806205,8.867700000000001
2025,2025-08-11,8,1,casual,classic_bike,2263,27.296558329650907,15.934533333333333
2025,2025-08-11,8,1,casual,electric_bike,3565,14.380570481533429,9.645283333333333
2025,2025-08-11,8,1,member,classic_bike,5176,13.257946271251932,8.177558333333334
2025,2025-08-11,8,1,member,electric_bike,7853,11.095946886540176,8.80515
2025,2025-08-12,8,2,casual,classic_bike,2294,23.241657069165946,14.797341666666664
2025,2025-08-12,8,2,casual,electric_bike,3638,13.288006363386476,9.559416666666667
2025,2025-08-12,8,2,member,classic_bike,5829,11.644122076399613,8.401183333333334
2025,2025-08-12,8,2,member,electric_bike,8331,11.127893858280318,8.660449999999999
2025,2025-08-13,8,3,casual,classic_bike,1616,23.14064452351485,14.046575
2025,2025-08-13,8,3,casual,electric_bike,2902,13.228220531817136,9.149641666666668
2025,2025-08-13,8,3,member,classic_bike,4595,11.507486496191513,8.072766666666666
2025,2025-08-13,8,3,member,electric_bike,7487,10.566093528783224,8.39765
2025,2025-08-14,8,4,casual,classic_bike,2138,24.55484344402869,13.540341666666666
2025,2025-08-14,8,4,casual,electric_bike,4102,13.115344059808223,9.16425
2025,2025-08-14,8,4,member,classic_bike,5393,12.01731725384758,8.11575
2025,2025-08-14,8,4,member,electric_bike,8807,11.105331257333182,8.767050000000001
2025,2025-08-15,8,5,casual,classic_bike,2320,26.060960495689656,14.505608333333335
2025,2025-08-15,8,5,casual,electric_bike,4495,14.359685873192436,9.619833333333334
2025,2025-08-15,8,5,member,classic_bike,4968,11.95297399691358,8.299683333333334
2025,2025-08-15,8,5,member,electric_bike,8855,11.437410289855073,8.781983333333333
2025,2025-08-16,8,6,casual,classic_bike,3359,28.704843321425027,16.722516666666667
2025,2025-08-16,8,6,casual,electric_bike,5414,15.814350261667283,10.32185
2025,2025-08-16,8,6,member,classic_bike,4378,13.224795351758793,8.509108333333334
2025,2025-08-16,8,6,member,electric_bike,8043,11.666773434456463,8.924299999999999
2025,2025-08-17,8,7,casual,classic_bike,2543,27.23373132782803,16.738883333333334
2025,2025-08-17,8,7,casual,electric_bike,4344,14.3255711786372,9.745216666666668
2025,2025-08-17,8,7,member,classic_bike,3723,13.747603124720209,7.84065
2025,2025-08-17,8,7,member,electric_bike,6881,11.35624089279659,8.536616666666667
2025,2025-08-18,8,1,casual,classic_bike,1805,24.092835567867034,14.691966666666668
2025,2025-08-18,8,1,casual,electric_bike,3000,12.408592433333334,8.949133333333332
2025,2025-08-18,8,1,member,classic_bike,4644,11.880025714183176,8.213149999999999
2025,2025-08-18,8,1,member,electric_bike,7297,10.32947659997259,8.199533333333333
2025,2025-08-19,8,2,casual,classic_bike,2049,23.111319578656257,14.888783333333333
2025,2025-08-19,8,2,casual,electric_bike,3529,13.100018012657031,9.316849999999999
2025,2025-08-19,8,2,member,classic_bike,5251,12.463203665968386,8.693866666666667
2025,2025-08-19,8,2,member,electric_bike,8656,10.865287526956255,8.630300000000002
2025,2025-08-20,8,3,casual,classic_bike,1954,23.741281337427502,13.914758333333333
2025,2025-08-20,8,3,casual,electric_bike,3783,12.60988150497841,9.192983333333332
2025,2025-08-20,8,3,member,classic_bike,5257,12.867407250649926,8.41395
2025,2025-08-20,8,3,member,electric_bike,9034,10.78468326691757,8.856808333333333
2025,2025-08-21,8,4,casual,classic_bike,2092,23.577749601657107,13.859325
2025,2025-08-21,8,4,casual,electric_bike,3793,13.264553515247385,9.33015
2025,2025-08-21,8,4,member,classic_bike,5400,11.798220549382718,8.5124
2025,2025-08-21,8,4,member,electric_bike,8938,11.16979140560901,8.95295
2025,2025-08-22,8,5,casual,classic_bike,2613,24.936298985840033,15.710616666666665
2025,2025-08-22,8,5,casual,electric_bike,4522,14.855436941618752,10.12255
2025,2025-08-22,8,5,member,classic_bike,5478,11.883296930144821,8.558125
2025,2025-08-22,8,5,member,electric_bike,9504,11.549565214646464,9.008916666666668
2025,2025-08-23,8,6,casual,classic_bike,3799,32.68853219706941,19.168733333333332
2025,2025-08-23,8,6,casual,electric_bike,5640,16.849631430260047,11.180358333333334
2025,2025-08-23,8,6,member,classic_bike,4553,14.281548865217074,9.670533333333333
2025,2025-08-23,8,6,member,electric_bike,8431,12.210340272012017,9.271866666666666
2025,2025-08-24,8,7,casual,classic_bike,2804,27.34082366856871,17.644883333333333
2025,2025-08-24,8,7,casual,electric_bike,4541,15.752916457461646,10.204066666666668
2025,2025-08-24,8,7,member,classic_bike,4661,12.776084316670241,8.390966666666667
2025,2025-08-24,8,7,member,electric_bike,7458,11.425936370340574,8.663008333333334
2025,2025-08-25,8,1,casual,classic_bike,1927,24.496110802629303,14.152466666666667
2025,2025-08-25,8,1,casual,electric_bike,3504,13.651423525494673,9.134274999999999
2025,2025-08-25,8,1,member,classic_bike,5515,12.303934853430041,8.708283333333332
2025,2025-08-25,8,1,member,electric_bike,8826,11.041405531006875,8.799866666666667
2025,2025-08-26,8,2,casual,classic_bike,2177,22.913386188945033,15.000300000000001
2025,2025-08-26,8,2,casual,electric_bike,3897,12.67847303053631,9.253683333333333
2025,2025-08-26,8,2,member,classic_bike,6279,12.10555906726124,8.616366666666666
2025,2025-08-26,8,2,member,electric_bike,9871,11.070056066592377,8.918583333333334
2025,2025-08-27,8,3,casual,classic_bike,2179,25.45820084901331,15.678666666666667
2025,2025-08-27,8,3,casual,electric_bike,4117,12.61542407902194,9.475083333333334
2025,2025-08-27,8,3,member,classic_bike,6179,12.182232186977396,8.737983333333334
2025,2025-08-27,8,3,member,electric_bike,9985,11.171597292605574,9.148333333333333
2025,2025-08-28,8,4,casual,classic_bike,2184,25.390991933760688,14.903983333333333
2025,2025-08-28,8,4,casual,electric_bike,4214,13.40952372646733,9.437941666666667
2025,2025-08-28,8,4,member,classic_bike,5914,13.944314586856049,8.823808333333332
2025,2025-08-28,8,4,member,electric_bike,10092,11.055325510305192,8.990416666666668
2025,2025-08-29,8,5,casual,classic_bike,2649,27.90350805964515,17.225933333333334
2025,2025-08-29,8,5,casual,electric_bike,5086,14.282794186656181,9.707133333333333
2025,2025-08-29,8,5,member,classic_bike,5113,12.6723604309277,8.8135
2025,2025-08-29,8,5,member,electric_bike,9570,11.371016135492859,8.899550000000001
2025,2025-08-30,8,6,casual,classic_bike,3963,32.970043250063085,20.3763
2025,2025-08-30,8,6,casual,electric_bike,5467,17.257000820071948,11.098566666666667
2025,2025-08-30,8,6,member,classic_bike,4340,15.888095449308755,9.966166666666666
2025,2025-08-30,8,6,member,electric_bike,7303,12.119077762563332,9.267816666666667
2025,2025-08-31,8,7,casual,classic_bike,3912,33.415913799420586,20.553350000000002
2025,2025-08-31,8,7,casual,electric_bike,5168,17.76788444594943,11.186425
2025,2025-08-31,8,7,member,classic_bike,4076,16.787753978573765,9.959341666666667
2025,2025-08-31,8,7,member,electric_bike,7179,12.149385348470073,9.387483333333334
2025,2025-09-01,9,1,casual,classic_bike,2814,32.225335542525464,19.440116666666665
2025,2025-09-01,9,1,casual,electric_bike,4242,17.262396169259784,10.473749999999999
2025,2025-09-01,9,1,member,classic_bike,4303,15.259695991168952,9.23365
2025,2025-09-01,9,1,member,electric_bike,6546,11.741289342091864,8.717225
2025,2025-09-02,9,2,casual,classic_bike,1763,24.594460767630935,14.246783333333333
2025,2025-09-02,9,2,casual,electric_bike,3420,12.707288065302144,9.05845
2025,2025-09-02,9,2,member,classic_bike,6090,12.75418400383142,8.737791666666666
2025,2025-09-02,9,2,member,electric_bike,9017,10.896684782447968,8.845433333333334
2025,2025-09-03,9,3,casual,classic_bike,1970,23.84135986463621,14.028516666666665
2025,2025-09-03,9,3,casual,electric_bike,3705,12.996945132703551,9.5725
2025,2025-09-03,9,3,member,classic_bike,6433,12.425535924141148,9.234883333333332
2025,2025-09-03,9,3,member,electric_bike,10163,11.010411784578046,9.144166666666667
2025,2025-09-04,9,4,casual,classic_bike,1657,24.273944518205592,12.937683333333332
2025,2025-09-04,9,4,casual,electric_bike,3669,11.96829107840465,8.886500000000002
2025,2025-09-04,9,4,member,classic_bike,5714,11.9245157887061,8.546508333333334
2025,2025-09-04,9,4,member,electric_bike,9549,10.952432684050688,9.0617
2025,2025-09-05,9,5,casual,classic_bike,2339,23.28740103320507,15.120133333333333
2025,2025-09-05,9,5,casual,electric_bike,4926,13.52847358911896,9.316666666666666
2025,2025-09-05,9,5,member,classic_bike,5668,13.042561432604094,8.680391666666667
2025,2025-09-05,9,5,member,electric_bike,10681,11.054027285210498,9.054116666666665
2025,2025-09-06,9,6,casual,classic_bike,2939,28.80778598729727,16.014833333333332
2025,2025-09-06,9,6,casual,electric_bike,4924,14.726445860411589,10.040566666666667
2025,2025-09-06,9,6,member,classic_bike,4456,12.51181597471574,8.932866666666666
2025,2025-09-06,9,6,member,electric_bike,8290,11.38795946119823,8.93005
2025,2025-09-07,9,7,casual,classic_bike,2363,29.84071935392862,17.62895
2025,2025-09-07,9,7,casual,electric_bike,4103,15.348424376472499,10.17265
2025,2025-09-07,9,7,member,classic_bike,4307,14.854034850243789,8.933933333333332
2025,2025-09-07,9,7,member,electric_bike,7393,11.408661269669507,8.760116666666667
2025,2025-09-08,9,1,casual,classic_bike,1940,23.952288573883163,14.681925
2025,2025-09-08,9,1,casual,electric_bike,3235,12.482242823286965,8.85995
2025,2025-09-08,9,1,member,classic_bike,6096,13.831359727690288,8.591875
2025,2025-09-08,9,1,member,electric_bike,9057,10.568777744654229,8.748216666666668
2025,2025-09-09,9,2,casual,classic_bike,1993,23.712061958521492,13.890116666666668
2025,2025-09-09,9,2,casual,electric_bike,3502,12.433694636398249,9.124516666666667
2025,2025-09-09,9,2,member,classic_bike,6683,12.238705927976458,8.810583333333334
2025,2025-09-09,9,2,member,electric_bike,9682,11.159535495421055,9.164866666666667
2025,2025-09-10,9,3,casual,classic_bike,1176,20.961992984693875,12.431775000000002
2025,2025-09-10,9,3,casual,electric_bike,2833,11.643132809742323,8.459433333333333
2025,2025-09-10,9,3,member,classic_bike,4994,11.875545341075957,8.554416666666667
2025,2025-09-10,9,3,member,electric_bike,8223,10.766894594430257,8.694366666666667
2025,2025-09-11,9,4,casual,classic_bike,1962,21.300101282704723,12.907941666666666
2025,2025-09-11,9,4,casual,electric_bike,3741,11.925188171611868,8.726616666666667
2025,2025-09-11,9,4,member,classic_bike,5989,11.825450745811766,8.6413
2025,2025-09-11,9,4,member,electric_bike,9999,10.804866078274495,8.8536
2025,2025-09-12,9,5,casual,classic_bike,2380,25.71128044117647,14.959891666666667
2025,2025-09-12,9,5,casual,electric_bike,4919,13.729867595039641,9.688666666666668
2025,2025-09-12,9,5,member,classic_bike,5849,12.651988522254518,8.6818
2025,2025-09-12,9,5,member,electric_bike,10483,11.30817608032052,9.18095
2025,2025-09-13,9,6,casual,classic_bike,3601,31.1670719429788,18.152416666666667
2025,2025-09-13,9,6,casual,electric_bike,6263,15.444287487359626,10.618866666666666
2025,2025-09-13,9,6,member,classic_bike,5009,15.108785639182804,9.497016666666667
2025,2025-09-13,9,6,member,electric_bike,9841,12.07430295871016,9.267033333333334
2025,2025-09-14,9,7,casual,classic_bike,3410,29.108652478005865,17.113741666666666
2025,2025-09-14,9,7,casual,electric_bike,5734,15.19966722183467,10.694083333333335
2025,2025-09-14,9,7,member,classic_bike,4843,13.208744008534657,8.978716666666665
2025,2025-09-14,9,7,member,electric_bike,8983,11.490673021262385,9.076699999999999
2025,2025-09-15,9,1,casual,classic_bike,1972,25.043531524678837,14.772008333333334
2025,2025-09-15,9,1,casual,electric_bike,3553,13.193146575663759,8.92195
2025,2025-09-15,9,1,member,classic_bike,5894,12.072165843795952,8.470958333333334
2025,2025-09-15,9,1,member,electric_bike,9537,10.847345468526091,8.906933333333335
2025,2025-09-16,9,2,casual,classic_bike,853,17.934032004689332,10.52975
2025,2025-09-16,9,2,casual,electric_bike,2283,10.59612269674405,7.902516666666667
2025,2025-09-16,9,2,member,classic_bike,3909,11.568504609021915,7.935833333333333
2025,2025-09-16,9,2,member,electric_bike,7069,9.753929419531286,8.212366666666666
2025,2025-09-17,9,3,casual,classic_bike,1219,19.724277536231885,11.097683333333332
2025,2025-09-17,9,3,casual,electric_bike,3147,10.974669489460862,8.513399999999999
2025,2025-09-17,9,3,member,classic_bike,5187,12.517056651243495,8.235149999999999
2025,2025-09-17,9,3,member,electric_bike,9385,10.300865970520334,8.574333333333334
2025,2025-09-18,9,4,casual,classic_bike,1913,23.505685415577627,14.677066666666667
2025,2025-09-18,9,4,casual,electric_bike,4122,12.770770689794597,9.453158333333334
2025,2025-09-18,9,4,member,classic_bike,5944,12.603385209174519,8.719283333333333
2025,2025-09-18,9,4,member,electric_bike,10855,11.045088043912177,9.053016666666668
2025,2025-09-19,9,5,casual,classic_bike,2245,22.995277112100965,14.942783333333333
2025,2025-09-19,9,5,casual,electric_bike,5162,13.769710616040296,9.730941666666666
2025,2025-09-19,9,5,member,classic_bike,5504,12.039674621487404,8.794233333333334
2025,2025-09-19,9,5,member,electric_bike,11197,11.057270758536513,8.895000000000001
2025,2025-09-20,9,6,casual,classic_bike,3730,28.62751982573727,17.3781
2025,2025-09-20,9,6,casual,electric_bike,6285,15.616513929992044,10.8077
2025,2025-09-20,9,6,member,classic_bike,4991,13.935238609497096,9.42015
2025,2025-09-20,9,6,member,electric_bike,9850,12.117386453468699,9.451341666666666
2025,2025-09-21,9,7,casual,classic_bike,2594,28.331203096890256,17.6778
2025,2025-09-21,9,7,casual,electric_bike,4480,14.374122622767858,9.719683333333334
2025,2025-09-21,9,7,member,classic_bike,4549,13.522551205393126,8.516483333333333
2025,2025-09-21,9,7,member,electric_bike,7957,11.114723704494992,8.593516666666666
2025,2025-09-22,9,1,casual,classic_bike,1850,23.706648216216216,13.888433333333333
2025,2025-09-22,9,1,casual,electric_bike,3548,13.191974915445321,9.156841666666667
2025,2025-09-22,9,1,member,classic_bike,5928,13.465756047570851,8.443075
2025,2025-09-22,9,1,member,electric_bike,9149,10.504058906255693,8.552999999999999
2025,2025-09-23,9,2,casual,classic_bike,1642,23.052512149817296,13.922725
2025,2025-09-23,9,2,casual,electric_bike,3414,12.65674234524507,8.949191666666666
2025,2025-09-23,9,2,member,classic_bike,5724,12.045583321686467,8.431333333333333
2025,2025-09-23,9,2,member,electric_bike,9749,10.780383854754335,8.86135
2025,2025-09-24,9,3,casual,classic_bike,1598,25.104086170212767,13.464758333333332
2025,2025-09-24,9,3,casual,electric_bike,3402,12.09801359494415,8.851316666666666
2025,2025-09-24,9,3,member,classic_bike,5468,11.63366992197025,8.203575
2025,2025-09-24,9,3,member,electric_bike,9931,10.434613827073475,8.647266666666667
2025,2025-09-25,9,4,casual,classic_bike,1414,21.0612245049505,13.211741666666665
2025,2025-09-25,9,4,casual,electric_bike,3534,11.802397967364648,8.820958333333333
2025,2025-09-25,9,4,member,classic_bike,4804,11.828165400360811,8.524999999999999
2025,2025-09-25,9,4,member,electric_bike,8991,10.53499208467727,8.62645
2025,2025-09-26,9,5,casual,classic_bike,2111,24.280356450339493,14.295566666666668
2025,2025-09-26,9,5,casual,electric_bike,4780,13.65806220711297,9.739133333333331
2025,2025-09-26,9,5,member,classic_bike,5626,12.200573056641783,8.470575
2025,2025-09-26,9,5,member,electric_bike,10657,11.102775025804634,9.017383333333333
2025,2025-09-27,9,6,casual,classic_bike,2024,25.644241156126483,14.86785
2025,2025-09-27,9,6,casual,electric_bike,4080,14.650629832516339,9.533066666666667
2025,2025-09-27,9,6,member,classic_bike,3595,12.198582002781642,8.1351
2025,2025-09-27,9,6,member,electric_bike,7388,10.74317281627865,8.427533333333333
2025,2025-09-28,9,7,casual,classic_bike,2753,28.016676692093473,18.01673333333333
2025,2025-09-28,9,7,casual,electric_bike,4994,16.197306768121745,10.611141666666668
2025,2025-09-28,9,7,member,classic_bike,4890,15.021098595773688,9.246583333333334
2025,2025-09-28,9,7,member,electric_bike,8430,11.820798582443654,9.017733333333334
2025,2025-09-29,9,1,casual,classic_bike,1572,24.044364376590334,13.73945
2025,2025-09-29,9,1,casual,electric_bike,3401,12.087671361364304,8.811183333333334
2025,2025-09-29,9,1,member,classic_bike,5712,11.526602911998134,8.342308333333333
2025,2025-09-29,9,1,member,electric_bike,9354,10.490221562967715,8.61205
2025,2025-09-30,9,2,casual,classic_bike,1504,19.64684029255319,12.281341666666666
2025,2025-09-30,9,2,casual,electric_bike,3508,11.81526803496769,8.721258333333333
2025,2025-09-30,9,2,member,classic_bike,6204,11.255683647646682,8.363033333333334
2025,2025-09-30,9,2,member,electric_bike,10581,10.748231309265035,8.93705
2025,2025-10-01,10,3,casual,classic_bike,1898,24.863519494204425,14.404525
2025,2025-10-01,10,3,casual,electric_bike,3883,12.553598004120525,9.125499999999999
2025,2025-10-01,10,3,member,classic_bike,6460,11.45589919246646,8.277999999999999
2025,2025-10-01,10,3,member,electric_bike,10804,10.988932941503146,8.863383333333333
2025,2025-10-02,10,4,casual,classic_bike,1904,22.70003321953781,14.000108333333333
2025,2025-10-02,10,4,casual,electric_bike,4116,12.236099975704567,8.864341666666668
2025,2025-10-02,10,4,member,classic_bike,5721,12.096129723824507,8.479233333333333
2025,2025-10-02,10,4,member,electric_bike,10712,10.49326936768733,8.747708333333334
2025,2025-10-03,10,5,casual,classic_bike,2281,25.085537936577524,15.664166666666667
2025,2025-10-03,10,5,casual,electric_bike,4962,13.42427734448475,9.616566666666667
2025,2025-10-03,10,5,member,classic_bike,5590,12.603498431723317,8.424116666666666
2025,2025-10-03,10,5,member,electric_bike,10614,11.140915102694553,8.827166666666667
2025,2025-10-04,10,6,casual,classic_bike,3920,29.30520308248299,18.432274999999997
2025,2025-10-04,10,6,casual,electric_bike,6152,16.296389672735152,10.995325000000001
2025,2025-10-04,10,6,member,classic_bike,4921,14.078495468400734,9.3964
2025,2025-10-04,10,6,member,electric_bike,9699,11.986198829776265,9.27875
2025,2025-10-05,10,7,casual,classic_bike,3165,29.221133170089523,18.090883333333334
2025,2025-10-05,10,7,casual,electric_bike,5302,18.151865116937007,11.050516666666667
2025,2025-10-05,10,7,member,classic_bike,4839,13.933736760349932,9.034766666666666
2025,2025-10-05,10,7,member,electric_bike,8628,11.685567613197342,9.013416666666668
2025,2025-10-06,10,1,casual,classic_bike,1836,26.33846794662309,15.264725000000002
2025,2025-10-06,10,1,casual,electric_bike,3312,13.473750654186796,9.261383333333335
2025,2025-10-06,10,1,member,classic_bike,5644,13.989565647885662,8.55405
2025,2025-10-06,10,1,member,electric_bike,9270,10.71131471053578,8.769383333333334
2025,2025-10-07,10,2,casual,classic_bike,1819,22.18468680593733,14.6489
2025,2025-10-07,10,2,casual,electric_bike,3432,11.776116365578867,8.972908333333333
2025,2025-10-07,10,2,member,classic_bike,6220,11.524531219185421,8.574808333333333
2025,2025-10-07,10,2,member,electric_bike,10326,10.75633803182904,8.847083333333334
2025,2025-10-08,10,3,casual,classic_bike,1446,21.063889545873675,12.885758333333333
2025,2025-10-08,10,3,casual,electric_bike,3475,11.715992369304557,8.95965
2025,2025-10-08,10,3,member,classic_bike,5735,11.509923228712582,8.264283333333333
2025,2025-10-08,10,3,member,electric_bike,9918,10.38998334005512,8.612458333333333
2025,2025-10-09,10,4,casual,classic_bike,1900,26.45914042982456,14.227791666666665
2025,2025-10-09,10,4,casual,electric_bike,3734,12.973960033922515,9.201333333333334
2025,2025-10-09,10,4,member,classic_bike,5635,11.9270007364685,8.36045
2025,2025-10-09,10,4,member,electric_bike,9720,10.693379792524004,8.750025
2025,2025-10-10,10,5,casual,classic_bike,1960,26.711465059523807,15.341983333333333
2025,2025-10-10,10,5,casual,electric_bike,4125,13.124857991919193,9.164583333333333
2025,2025-10-10,10,5,member,classic_bike,4710,11.485980700636944,7.843258333333334
2025,2025-10-10,10,5,member,electric_bike,9162,10.295816857672998,8.2183
2025,2025-10-11,10,6,casual,classic_bike,2758,33.97028665699782,19.322650000000003
2025,2025-10-11,10,6,casual,electric_bike,5021,16.862574815773748,10.789733333333334
2025,2025-10-11,10,6,member,classic_bike,3845,15.230958426527957,9.1718
2025,2025-10-11,10,6,member,electric_bike,7890,11.337900585128855,8.592258333333334
2025,2025-10-12,10,7,casual,classic_bike,1895,26.236570439753738,16.24245
2025,2025-10-12,10,7,casual,electric_bike,3500,13.546424842857142,9.01575
2025,2025-10-12,10,7,member,classic_bike,3107,13.276721837785647,7.941316666666666
2025,2025-10-12,10,7,member,electric_bike,6446,10.24043325576585,8.073433333333334
2025,2025-10-13,10,1,casual,classic_bike,1327,27.60328767897513,16.312766666666665
2025,2025-10-13,10,1,casual,electric_bike,2552,14.055607621473353,8.648366666666666
2025,2025-10-13,10,1,member,classic_bike,3301,10.551265949712208,7.158066666666667
2025,2025-10-13,10,1,member,electric_bike,6244,9.61520246903694,7.6185833333333335
2025,2025-10-14,10,2,casual,classic_bike,1405,24.71221341637011,14.227833333333333
2025,2025-10-14,10,2,casual,electric_bike,2981,11.893513054903277,8.576633333333332
2025,2025-10-14,10,2,member,classic_bike,5316,14.012162274266364,8.374225
2025,2025-10-14,10,2,member,electric_bike,9339,10.599997137452261,8.713266666666668
2025,2025-10-15,10,3,casual,classic_bike,1793,25.575049340026023,14.8086
2025,2025-10-15,10,3,casual,electric_bike,3619,12.374014773878605,9.096433333333332
2025,2025-10-15,10,3,member,classic_bike,5929,12.387182116152246,8.417
2025,2025-10-15,10,3,member,electric_bike,10402,10.71354269211049,8.868766666666666
2025,2025-10-16,10,4,casual,classic_bike,1874,26.283157692991814,15.151866666666667
2025,2025-10-16,10,4,casual,electric_bike,3780,12.37182487213404,9.241325
2025,2025-10-16,10,4,member,classic_bike,5649,11.406606927479789,8.111166666666668
2025,2025-10-16,10,4,member,electric_bike,10217,10.681732202864506,8.83155
2025,2025-10-17,10,5,casual,classic_bike,2372,29.35334291736931,16.781666666666666
2025,2025-10-17,10,5,casual,electric_bike,4528,14.43048405845112,9.609008333333332
2025,2025-10-17,10,5,member,classic_bike,4914,12.321647971781307,8.484533333333333
2025,2025-10-17,10,5,member,electric_bike,10072,10.827607221339687,8.722166666666666
2025,2025-10-18,10,6,casual,classic_bike,3615,30.905454057169205,18.37933333333333
2025,2025-10-18,10,6,casual,electric_bike,6451,17.044031744432388,11.208400000000001
2025,2025-10-18,10,6,member,classic_bike,4728,17.245475165679636,9.516983333333332
2025,2025-10-18,10,6,member,electric_bike,10202,12.015746650983468,9.417958333333335
2025,2025-10-19,10,7,casual,classic_bike,2713,32.428273209239464,19.988366666666664
2025,2025-10-19,10,7,casual,electric_bike,4504,15.788993076524573,10.482783333333334
2025,2025-10-19,10,7,member,classic_bike,4160,13.301039419070513,8.7933
2025,2025-10-19,10,7,member,electric_bike,7974,11.351275752445448,8.748158333333333
2025,2025-10-20,10,1,casual,classic_bike,1476,25.914964814814812,14.590741666666666
2025,2025-10-20,10,1,casual,electric_bike,2539,11.919634495208086,8.283266666666666
2025,2025-10-20,10,1,member,classic_bike,4648,12.998106174698796,8.361358333333333
2025,2025-10-20,10,1,member,electric_bike,8001,10.184800341623964,8.3431
2025,2025-10-21,10,2,casual,classic_bike,1773,25.19065268847528,14.785483333333334
2025,2025-10-21,10,2,casual,electric_bike,3312,12.250601031602253,8.91875
2025,2025-10-21,10,2,member,classic_bike,5638,12.999457644554807,8.461691666666667
2025,2025-10-21,10,2,member,electric_bike,10020,10.52456631071191,8.723075
2025,2025-10-22,10,3,casual,classic_bike,1428,29.124047689075628,13.948908333333334
2025,2025-10-22,10,3,casual,electric_bike,3444,11.96902386759582,8.708233333333332
2025,2025-10-22,10,3,member,classic_bike,5607,13.794669288389512,8.605333333333334
2025,2025-10-22,10,3,member,electric_bike,10224,10.341487982524777,8.594750000000001
2025,2025-10-23,10,4,casual,classic_bike,1659,24.40767482419128,13.980183333333335
2025,2025-10-23,10,4,casual,electric_bike,3419,11.99750147704007,8.726266666666668
2025,2025-10-23,10,4,member,classic_bike,5537,11.92898769490097,8.0957
2025,2025-10-23,10,4,member,electric_bike,10068,10.456566277645345,8.666458333333333
2025,2025-10-24,10,5,casual,classic_bike,1624,26.902408918308705,15.699525000000001
2025,2025-10-24,10,5,casual,electric_bike,3859,12.713558979010104,8.915733333333332
2025,2025-10-24,10,5,member,classic_bike,4542,11.942001196242478,8.146441666666668
2025,2025-10-24,10,5,member,electric_bike,9642,10.407706010163865,8.415533333333332
2025,2025-10-25,10,6,casual,classic_bike,2786,31.075935666427377,19.05975833333333
2025,2025-10-25,10,6,casual,electric_bike,5141,15.880242041107438,10.1549
2025,2025-10-25,10,6,member,classic_bike,4000,13.7231731,8.327441666666665
2025,2025-10-25,10,6,member,electric_bike,8679,10.799856074048469,8.5185
2025,2025-10-26,10,7,casual,classic_bike,2636,32.85091416919575,18.275016666666666
2025,2025-10-26,10,7,casual,electric_bike,5075,15.332262968801313,10.623483333333333
2025,2025-10-26,10,7,member,classic_bike,4118,13.558971766229561,8.698925
2025,2025-10-26,10,7,member,electric_bike,8072,10.944496776924348,8.465116666666667
2025,2025-10-27,10,1,casual,classic_bike,1394,34.900651506456235,15.106316666666668
2025,2025-10-27,10,1,casual,electric_bike,3010,12.392470880398673,8.316600000000001
2025,2025-10-27,10,1,member,classic_bike,4713,12.42484513756277,7.9017
2025,2025-10-27,10,1,member,electric_bike,8555,9.878963528151179,8.09185
2025,2025-10-28,10,2,casual,classic_bike,1024,19.833770442708335,11.874258333333334
2025,2025-10-28,10,2,casual,electric_bike,2952,11.510157334010842,8.163924999999999
2025,2025-10-28,10,2,member,classic_bike,4787,12.38211178887264,8.020733333333334
2025,2025-10-28,10,2,member,electric_bike,9444,9.949230428490752,8.130466666666667
2025,2025-10-29,10,3,casual,classic_bike,923,17.64311581798483,11.364650000000001
2025,2025-10-29,10,3,casual,electric_bike,2655,10.415775530445702,7.955633333333334
2025,2025-10-29,10,3,member,classic_bike,4572,11.87733867016623,8.012358333333333
2025,2025-10-29,10,3,member,electric_bike,9377,9.831422812911022,8.1713
2025,2025-10-30,10,4,casual,classic_bike,1047,20.287623591212988,12.610466666666667
2025,2025-10-30,10,4,casual,electric_bike,3040,11.224750520833334,8.339475
2025,2025-10-30,10,4,member,classic_bike,4239,11.844071561689079,8.083
2025,2025-10-30,10,4,member,electric_bike,8907,10.310149811010067,8.38405
2025,2025-10-31,10,5,casual,classic_bike,1457,24.97754784946237,14.742433333333334
2025,2025-10-31,10,5,casual,electric_bike,3983,12.112017650012552,8.635250000000001
2025,2025-10-31,10,5,member,classic_bike,4336,11.769610724169741,7.697958333333333
2025,2025-10-31,10,5,member,electric_bike,9822,10.612484984388786,8.288066666666666
2025,2025-11-01,11,6,casual,classic_bike,2723,34.31183885420492,17.878866666666667
2025,2025-11-01,11,6,casual,electric_bike,4953,14.180600016824819,9.964133333333333
2025,2025-11-01,11,6,member,classic_bike,4202,15.706899016341426,8.719258333333332
2025,2025-11-01,11,6,member,electric_bike,8758,10.976516954022989,8.644391666666667
2025,2025-11-02,11,7,casual,classic_bike,2096,27.171713875636136,16.591124999999998
2025,2025-11-02,11,7,casual,electric_bike,3861,14.790173426573427,9.718449999999999
2025,2025-11-02,11,7,member,classic_bike,4226,14.749153596781827,8.055933333333334
2025,2025-11-02,11,7,member,electric_bike,7633,11.125518007336565,8.439333333333334
2025,2025-11-03,11,1,casual,classic_bike,1191,24.782610257486706,13.111183333333335
2025,2025-11-03,11,1,casual,electric_bike,2542,11.931527058746395,8.434558333333333
2025,2025-11-03,11,1,member,classic_bike,4875,12.191135832478633,7.873116666666666
2025,2025-11-03,11,1,member,electric_bike,8483,10.083482024833982,8.218433333333333
2025,2025-11-04,11,2,casual,classic_bike,1316,21.601140640830803,12.010883333333334
2025,2025-11-04,11,2,casual,electric_bike,2628,11.312818125317097,8.327691666666666
2025,2025-11-04,11,2,member,classic_bike,5416,12.028856299236828,8.169441666666666
2025,2025-11-04,11,2,member,electric_bike,9176,10.21584420045045,8.459441666666667
2025,2025-11-05,11,3,casual,classic_bike,1409,21.372569044239413,13.140266666666667
2025,2025-11-05,11,3,casual,electric_bike,3046,11.289883935215585,8.265483333333332
2025,2025-11-05,11,3,member,classic_bike,5611,11.388717438959187,8.262283333333334
2025,2025-11-05,11,3,member,electric_bike,9920,10.818112049731184,8.827858333333333
2025,2025-11-06,11,4,casual,classic_bike,1206,22.257392716970703,12.266358333333333
2025,2025-11-06,11,4,casual,electric_bike,3018,11.235299022531477,8.293216666666666
2025,2025-11-06,11,4,member,classic_bike,5031,11.404844417942092,8.06025
2025,2025-11-06,11,4,member,electric_bike,9475,10.412978277924363,8.482283333333333
2025,2025-11-07,11,5,casual,classic_bike,1430,25.39844935897436,14.590525
2025,2025-11-07,11,5,casual,electric_bike,3558,12.576672456436201,8.767683333333332
2025,2025-11-07,11,5,member,classic_bike,4288,11.188163903140547,8.044041666666667
2025,2025-11-07,11,5,member,electric_bike,9195,10.347008484683705,8.269583333333333
2025,2025-11-08,11,6,casual,classic_bike,2851,29.644345101134103,19.27926666666667
2025,2025-11-08,11,6,casual,electric_bike,5110,17.5753871493803,10.993091666666666
2025,2025-11-08,11,6,member,classic_bike,4330,13.764837867590453,9.03625
2025,2025-11-08,11,6,member,electric_bike,8563,12.050562515084277,9.221366666666666
2025,2025-11-09,11,7,casual,classic_bike,1789,30.925976756102102,16.274883333333335
2025,2025-11-09,11,7,casual,electric_bike,3488,13.942498542622324,9.202208333333333
2025,2025-11-09,11,7,member,classic_bike,3557,12.995179983131854,8.094666666666667
2025,2025-11-09,11,7,member,electric_bike,7017,10.58004620683103,8.168183333333333
2025,2025-11-10,11,1,casual,classic_bike,762,20.605052362204724,10.522091666666666
2025,2025-11-10,11,1,casual,electric_bike,2087,10.471655678006707,7.410866666666666
2025,2025-11-10,11,1,member,classic_bike,3693,11.008991826879683,7.55505
2025,2025-11-10,11,1,member,electric_bike,7488,9.266918676549146,7.613075
2025,2025-11-11,11,2,casual,classic_bike,623,19.26232479935794,11.457716666666666
2025,2025-11-11,11,2,casual,electric_bike,1838,9.659763764961914,7.426925000000001
2025,2025-11-11,11,2,member,classic_bike,2992,10.432579818404633,7.249025
2025,2025-11-11,11,2,member,electric_bike,6357,8.912718011640711,7.339166666666667
2025,2025-11-12,11,3,casual,classic_bike,880,18.18253113636364,11.370441666666666
2025,2025-11-12,11,3,casual,electric_bike,2345,10.07911710732054,7.7486
2025,2025-11-12,11,3,member,classic_bike,4495,11.299842999629218,8.126016666666667
2025,2025-11-12,11,3,member,electric_bike,8909,9.922118374677293,8.182816666666666
2025,2025-11-13,11,4,casual,classic_bike,881,19.628430382141506,11.314066666666667
2025,2025-11-13,11,4,casual,electric_bike,2768,10.656668491088631,7.881141666666666
2025,2025-11-13,11,4,member,classic_bike,4735,11.113064480816613,7.9588833333333335
2025,2025-11-13,11,4,member,electric_bike,9139,9.985716042966041,8.370183333333333
2025,2025-11-14,11,5,casual,classic_bike,1035,20.45593838969404,11.4513
2025,2025-11-14,11,5,casual,electric_bike,3169,11.253947570211423,8.3277
2025,2025-11-14,11,5,member,classic_bike,4320,12.325577962962964,7.65215
2025,2025-11-14,11,5,member,electric_bike,8992,9.933097395833334,7.965766666666667
2025,2025-11-15,11,6,casual,classic_bike,1957,27.502665022994382,15.648083333333334
2025,2025-11-15,11,6,casual,electric_bike,4052,13.349598379401117,9.225533333333333
2025,2025-11-15,11,6,member,classic_bike,4019,14.684940938873682,8.274133333333333
2025,2025-11-15,11,6,member,electric_bike,8284,10.866129892966361,8.534091666666667
2025,2025-11-16,11,7,casual,classic_bike,1312,22.75590707571138,14.777316666666666
2025,2025-11-16,11,7,casual,electric_bike,2917,12.95749876585533,8.591233333333333
2025,2025-11-16,11,7,member,classic_bike,3365,11.761954819217435,7.657766666666666
2025,2025-11-16,11,7,member,electric_bike,6676,10.142450766427002,7.804141666666666
2025,2025-11-17,11,1,casual,classic_bike,677,18.252662333825704,11.106583333333333
2025,2025-11-17,11,1,casual,electric_bike,2106,10.124311926242482,7.618741666666667
2025,2025-11-17,11,1,member,classic_bike,3995,10.900736120150187,7.78955
2025,2025-11-17,11,1,member,electric_bike,7807,9.813491844925496,7.970466666666667
2025,2025-11-18,11,2,casual,classic_bike,521,14.633043634037108,9.45965
2025,2025-11-18,11,2,casual,electric_bike,1834,10.385475854234823,7.677925
2025,2025-11-18,11,2,member,classic_bike,3575,10.83030558974359,7.892650000000001
2025,2025-11-18,11,2,member,electric_bike,7279,9.680246828776847,8.114749999999999
2025,2025-11-19,11,3,casual,classic_bike,636,18.742575864779873,10.179
2025,2025-11-19,11,3,casual,electric_bike,2279,9.4217870264736,7.585116666666667
2025,2025-11-19,11,3,member,classic_bike,4186,13.491273283962416,8.108766666666668
2025,2025-11-19,11,3,member,electric_bike,8768,9.944711359489052,8.201525
2025,2025-11-20,11,4,casual,classic_bike,821,20.97312251319529,11.519383333333334
2025,2025-11-20,11,4,casual,electric_bike,2463,9.892104053322507,7.7354666666666665
2025,2025-11-20,11,4,member,classic_bike,4156,11.619662540102661,7.989791666666667
2025,2025-11-20,11,4,member,electric_bike,8866,9.94611074704865,8.236308333333334
2025,2025-11-21,11,5,casual,classic_bike,1027,20.350572135670234,12.41785
2025,2025-11-21,11,5,casual,electric_bike,2933,10.750571871803613,8.246649999999999
2025,2025-11-21,11,5,member,classic_bike,3887,11.030524933539146,7.596333333333333
2025,2025-11-21,11,5,member,electric_bike,9108,9.993859239130435,8.0887
2025,2025-11-22,11,6,casual,classic_bike,1239,24.917573661555014,14.001233333333333
2025,2025-11-22,11,6,casual,electric_bike,3170,11.847132155625657,8.704825
2025,2025-11-22,11,6,member,classic_bike,3036,12.071173655028547,8.3047
2025,2025-11-22,11,6,member,electric_bike,7024,10.303686534263477,8.037025
2025,2025-11-23,11,7,casual,classic_bike,1484,31.322407008086255,18.773025
2025,2025-11-23,11,7,casual,electric_bike,2672,12.919567359031936,8.644633333333335
2025,2025-11-23,11,7,member,classic_bike,3190,12.981603437826541,7.91475
2025,2025-11-23,11,7,member,electric_bike,6243,10.527977561535588,7.966983333333333
2025,2025-11-24,11,1,casual,classic_bike,1069,21.585063579669473,14.079883333333333
2025,2025-11-24,11,1,casual,electric_bike,2267,11.434315497720924,7.840916666666667
2025,2025-11-24,11,1,member,classic_bike,3803,11.67443632220177,7.921
2025,2025-11-24,11,1,member,electric_bike,7425,10.007648195286194,7.998583333333333
2025,2025-11-25,11,2,casual,classic_bike,627,24.11946996278575,13.626100000000001
2025,2025-11-25,11,2,casual,electric_bike,1609,9.875614159933706,7.482766666666667
2025,2025-11-25,11,2,member,classic_bike,2658,13.154348112616002,7.711808333333333
2025,2025-11-25,11,2,member,electric_bike,6056,9.39705642338177,7.584341666666667
2025,2025-11-26,11,3,casual,classic_bike,1105,28.317930708898945,16.954416666666667
2025,2025-11-26,11,3,casual,electric_bike,2462,13.373927619821282,8.555325
2025,2025-11-26,11,3,member,classic_bike,2965,13.626626582349635,8.183366666666666
2025,2025-11-26,11,3,member,electric_bike,6359,10.502264022120878,7.933033333333333
2025,2025-11-27,11,4,casual,classic_bike,562,26.109182058125743,17.91860833333333
2025,2025-11-27,11,4,casual,electric_bike,1080,11.534739290123458,7.517691666666668
2025,2025-11-27,11,4,member,classic_bike,995,12.00094324958124,7.186850000000001
2025,2025-11-27,11,4,member,electric_bike,2420,9.390344641873279,6.770575
2025,2025-11-28,11,5,casual,classic_bike,464,26.144697772988504,15.834074999999999
2025,2025-11-28,11,5,casual,electric_bike,1136,10.034269395539907,7.166533333333334
2025,2025-11-28,11,5,member,classic_bike,1174,11.215130309483248,7.270775
2025,2025-11-28,11,5,member,electric_bike,3031,8.866883492796656,6.77175
2025,2025-11-29,11,6,casual,classic_bike,755,32.01876834437086,16.4396
2025,2025-11-29,11,6,casual,electric_bike,1646,11.685375121506683,8.058525
2025,2025-11-29,11,6,member,classic_bike,1687,14.85052423434104,7.714533333333334
2025,2025-11-29,11,6,member,electric_bike,3780,9.120163880070546,7.02835
2025,2025-11-30,11,7,casual,classic_bike,266,18.768059899749375,13.780583333333333
2025,2025-11-30,11,7,casual,electric_bike,1033,9.048846773152631,6.903333333333333
2025,2025-11-30,11,7,member,classic_bike,1292,10.418951547987616,6.902200000000001
2025,2025-11-30,11,7,member,electric_bike,3191,8.536607145095582,6.636866666666666
2025,2025-12-01,12,1,casual,classic_bike,522,16.815372541507024,10.448833333333333
2025,2025-12-01,12,1,casual,electric_bike,1657,9.466293814121906,7.001499999999999
2025,2025-12-01,12,1,member,classic_bike,3350,11.305432611940297,7.380816666666666
2025,2025-12-01,12,1,member,electric_bike,6817,9.2729407755122,7.6040833333333335
2025,2025-12-02,12,2,casual,classic_bike,257,11.253466277561609,8.936633333333333
2025,2025-12-02,12,2,casual,electric_bike,1112,8.579364553357316,7.2255
2025,2025-12-02,12,2,member,classic_bike,2060,11.497011642394822,7.532941666666666
2025,2025-12-02,12,2,member,electric_bike,4892,9.104294385391114,7.379316666666666
2025,2025-12-03,12,3,casual,classic_bike,489,15.443119325153374,10.174983333333333
2025,2025-12-03,12,3,casual,electric_bike,1954,9.678477209143637,7.43915
2025,2025-12-03,12,3,member,classic_bike,3593,12.532315613693292,8.045733333333335
2025,2025-12-03,12,3,member,electric_bike,8117,9.564043207671142,7.871566666666666
2025,2025-12-04,12,4,casual,classic_bike,562,18.294892348754452,9.994908333333335
2025,2025-12-04,12,4,casual,electric_bike,1832,9.871030121906841,7.731416666666667
2025,2025-12-04,12,4,member,classic_bike,3518,11.303998408186471,7.899749999999999
2025,2025-12-04,12,4,member,electric_bike,8011,9.662153258020222,7.928483333333333
2025,2025-12-05,12,5,casual,classic_bike,246,13.80804972899729,9.741825
2025,2025-12-05,12,5,casual,electric_bike,1203,8.816895566638959,7.2673499999999995
2025,2025-12-05,12,5,member,classic_bike,1699,11.420231410633706,7.80095
2025,2025-12-05,12,5,member,electric_bike,5118,9.360280376449133,7.433958333333333
2025,2025-12-06,12,6,casual,classic_bike,889,17.99408455193101,12.027933333333333
2025,2025-12-06,12,6,casual,electric_bike,2435,10.862560773442848,8.236083333333333
2025,2025-12-06,12,6,member,classic_bike,2655,11.781517231638418,7.43225
2025,2025-12-06,12,6,member,electric_bike,6626,9.62969464231814,7.712158333333333
2025,2025-12-07,12,7,casual,classic_bike,689,22.89280411223996,12.280233333333333
2025,2025-12-07,12,7,casual,electric_bike,2031,10.670775102576727,7.880683333333334
2025,2025-12-07,12,7,member,classic_bike,2493,10.70137126621206,7.2604500000000005
2025,2025-12-07,12,7,member,electric_bike,5946,9.55353329689427,7.511958333333332
2025,2025-12-08,12,1,casual,classic_bike,367,17.466011171662124,8.9795
2025,2025-12-08,12,1,casual,electric_bike,1348,8.530628152818991,6.990341666666668
2025,2025-12-08,12,1,member,classic_bike,2852,11.08647309490416,7.252933333333333
2025,2025-12-08,12,1,member,electric_bike,6296,8.775319644747988,7.203116666666666
2025,2025-12-09,12,2,casual,classic_bike,363,15.881270477502296,9.2823
2025,2025-12-09,12,2,casual,electric_bike,1468,8.46794290417802,6.9046916666666664
2025,2025-12-09,12,2,member,classic_bike,2814,10.202353518123667,7.429108333333334
2025,2025-12-09,12,2,member,electric_bike,6850,8.838408579075425,7.493533333333334
2025,2025-12-10,12,3,casual,classic_bike,448,26.189304836309525,10.550741666666667
2025,2025-12-10,12,3,casual,electric_bike,1783,9.354753664236306,7.497683333333333
2025,2025-12-10,12,3,member,classic_bike,3277,17.494192086257755,7.826233333333334
2025,2025-12-10,12,3,member,electric_bike,7626,9.21766756928053,7.654641666666667
2025,2025-12-11,12,4,casual,classic_bike,421,24.696859699129057,9.331533333333335
2025,2025-12-11,12,4,casual,electric_bike,1742,9.05468303673938,7.364466666666667
2025,2025-12-11,12,4,member,classic_bike,3084,12.229607522697794,7.4904166666666665
2025,2025-12-11,12,4,member,electric_bike,7460,9.366298489722967,7.691525
2025,2025-12-12,12,5,casual,classic_bike,479,19.134486012526096,10.748066666666666
2025,2025-12-12,12,5,casual,electric_bike,2018,9.661011207466139,7.72345
2025,2025-12-12,12,5,member,classic_bike,2810,11.259343997627521,7.443208333333333
2025,2025-12-12,12,5,member,electric_bike,7489,9.125181105621579,7.513466666666667
2025,2025-12-13,12,6,casual,classic_bike,757,22.227729106120652,11.6979
2025,2025-12-13,12,6,casual,electric_bike,2388,10.586506504745952,8.106100000000001
2025,2025-12-13,12,6,member,classic_bike,2518,14.83331559438708,7.6186083333333325
2025,2025-12-13,12,6,member,electric_bike,6425,9.614577390402076,7.60465
2025,2025-12-14,12,7,casual,classic_bike,207,17.26322012882448,10.21275
2025,2025-12-14,12,7,casual,electric_bike,939,8.58116936457224,6.933916666666667
2025,2025-12-14,12,7,member,classic_bike,1183,8.856325683291066,6.6155333333333335
2025,2025-12-14,12,7,member,electric_bike,3227,8.53078225389939,6.850516666666667
2025,2025-12-15,12,1,casual,classic_bike,229,17.400937554585152,8.786683333333334
2025,2025-12-15,12,1,casual,electric_bike,1009,8.597418830525275,6.94735
2025,2025-12-15,12,1,member,classic_bike,2015,11.364504499586436,6.984566666666667
2025,2025-12-15,12,1,member,electric_bike,4753,8.62770982186689,7.056233333333334
2025,2025-12-16,12,2,casual,classic_bike,390,16.290313589743587,10.022741666666667
2025,2025-12-16,12,2,casual,electric_bike,1448,9.134179097605893,7.286608333333334
2025,2025-12-16,12,2,member,classic_bike,2779,12.34889839870457,7.378166666666667
2025,2025-12-16,12,2,member,electric_bike,6472,9.051764016790276,7.417683333333333
2025,2025-12-17,12,3,casual,classic_bike,480,18.28758892361111,10.4531
2025,2025-12-17,12,3,casual,electric_bike,1945,9.481696529562983,7.4443
2025,2025-12-17,12,3,member,classic_bike,3250,10.632656748717949,8.036833333333334
2025,2025-12-17,12,3,member,electric_bike,7561,9.543821147996296,7.8255
2025,2025-12-18,12,4,casual,classic_bike,576,16.597852141203703,10.97265
2025,2025-12-18,12,4,casual,electric_bike,2044,10.45401168460535,7.9235500000000005
2025,2025-12-18,12,4,member,classic_bike,3130,10.91899054313099,7.833191666666666
2025,2025-12-18,12,4,member,electric_bike,7606,9.79649903365764,8.0958
2025,2025-12-19,12,5,casual,classic_bike,419,18.96290294351631,10.7926
2025,2025-12-19,12,5,casual,electric_bike,2020,9.999361773927394,7.8377083333333335
2025,2025-12-19,12,5,member,classic_bike,2190,10.097535608828007,7.641875000000001
2025,2025-12-19,12,5,member,electric_bike,6310,9.32233208927628,7.414716666666666
2025,2025-12-20,12,6,casual,classic_bike,555,23.031434744744743,12.340016666666665
2025,2025-12-20,12,6,casual,electric_bike,1981,10.77539676089517,7.7884166666666665
2025,2025-12-20,12,6,member,classic_bike,1948,18.238168720054755,7.613025
2025,2025-12-20,12,6,member,electric_bike,5189,9.354742265690241,7.421666666666667
2025,2025-12-21,12,7,casual,classic_bike,482,28.472305463347165,13.374983333333333
2025,2025-12-21,12,7,casual,electric_bike,1501,11.9370542416167,7.855816666666667
2025,2025-12-21,12,7,member,classic_bike,1501,12.033706429047301,7.270983333333334
2025,2025-12-21,12,7,member,electric_bike,4038,9.435198134389962,7.121
2025,2025-12-22,12,1,casual,classic_bike,463,25.433283405327575,13.271166666666666
2025,2025-12-22,12,1,casual,electric_bike,1311,11.917696325959827,7.769916666666666
2025,2025-12-22,12,1,member,classic_bike,1852,10.792167971562275,7.18905
2025,2025-12-22,12,1,member,electric_bike,4548,9.242552535913221,7.1432416666666665
2025,2025-12-23,12,2,casual,classic_bike,337,24.788168199802175,11.254783333333334
2025,2025-12-23,12,2,casual,electric_bike,1291,10.935216937774335,7.300633333333334
2025,2025-12-23,12,2,member,classic_bike,1539,10.719940340047652,7.069249999999999
2025,2025-12-23,12,2,member,electric_bike,3940,9.278050291878174,7.335941666666667
2025,2025-12-24,12,3,casual,classic_bike,492,29.30886947831978,17.871916666666664
2025,2025-12-24,12,3,casual,electric_bike,1288,12.956127639751552,7.642758333333333
2025,2025-12-24,12,3,member,classic_bike,1121,12.67566129943503,7.658683333333333
2025,2025-12-24,12,3,member,electric_bike,3187,10.020841083568664,7.1380333333333335
2025,2025-12-25,12,4,casual,classic_bike,408,43.0559756127451,25.071008333333335
2025,2025-12-25,12,4,casual,electric_bike,869,17.32851643651707,9.213733333333332
2025,2025-12-25,12,4,member,classic_bike,575,14.741499420289854,9.466633333333334
2025,2025-12-25,12,4,member,electric_bike,1643,11.882387005477783,7.610616666666667
2025,2025-12-26,12,5,casual,classic_bike,270,21.555430679012346,13.651299999999999
2025,2025-12-26,12,5,casual,electric_bike,798,10.391900250626566,6.8256250000000005
2025,2025-12-26,12,5,member,classic_bike,742,12.66137774034142,7.3647
2025,2025-12-26,12,5,member,electric_bike,2365,8.832521212121211,6.49265
2025,2025-12-27,12,6,casual,classic_bike,382,31.004536256544505,16.207016666666668
2025,2025-12-27,12,6,casual,electric_bike,1212,12.258991666666667,8.008233333333333
2025,2025-12-27,12,6,member,classic_bike,917,13.468568611414032,7.758266666666667
2025,2025-12-27,12,6,member,electric_bike,2791,9.35940536247462,6.7953833333333336
2025,2025-12-28,12,7,casual,classic_bike,401,22.649195594347464,16.38015
2025,2025-12-28,12,7,casual,electric_bike,1062,11.791102134337727,7.017891666666666
2025,2025-12-28,12,7,member,classic_bike,1053,11.129251962646407,7.31295
2025,2025-12-28,12,7,member,electric_bike,2777,9.346532613131677,6.7935
2025,2025-12-29,12,1,casual,classic_bike,464,25.38325775862069,14.941075
2025,2025-12-29,12,1,casual,electric_bike,1246,13.115361423220973,8.151608333333334
2025,2025-12-29,12,1,member,classic_bike,1448,11.801548618784528,7.616666666666667
2025,2025-12-29,12,1,member,electric_bike,3903,8.837831697839269,6.8101166666666675
2025,2025-12-30,12,2,casual,classic_bike,303,22.518795709570956,12.621016666666666
2025,2025-12-30,12,2,casual,electric_bike,1010,9.779685495049506,6.8893249999999995
2025,2025-12-30,12,2,member,classic_bike,1256,10.778811173036093,6.750083333333333
2025,2025-12-30,12,2,member,electric_bike,3669,8.155753120741347,6.478766666666667
2025,2025-12-31,12,3,casual,classic_bike,300,17.81749311111111,12.770475000000001
2025,2025-12-31,12,3,casual,electric_bike,1279,9.836408287724785,7.421333333333333
2025,2025-12-31,12,3,member,classic_bike,1324,10.119079770896274,7.076508333333333
2025,2025-12-31,12,3,member,electric_bike,4036,8.620882907994716,6.589583333333334
