station_key,station_name,lat,lng,departures,arrivals,total_usage,balance_gap,imbalance_rate
31102,11th & Kenyon St NW,38.929464,-77.027822,23475,18403,41878,5072,0.121113711256507
31602,Park Rd & Holmead Pl NW,38.9308,-77.0315,17785,14019,31804,3766,0.11841277826688466
31131,14th & Otis Pl NW,38.934405,-77.032687,15609,12517,28126,3092,0.10993386901799047
31115,Columbia Rd & Georgia Ave NW,38.92812111132096,-77.0237946510315,12828,9891,22719,2937,0.12927505612042783
31114,18th St & Wyoming Ave NW,38.918809,-77.041571,23167,20644,43811,2523,0.05758827691675607
31135,16th & Harvard St NW,38.926102,-77.03665,18387,15883,34270,2504,0.07306682229355121
31323,Woodley Park Metro / Calvert St & Connecticut Ave NW,38.923389,-77.051833,13726,11253,24979,2473,0.09900316265663157
31106,Calvert & Biltmore St NW,38.923203,-77.047637,8173,5917,14090,2256,0.16011355571327182
31133,20th St & Columbia Rd NW,38.918103,-77.045469,16137,14216,30353,1921,0.06328863703752512
31136,11th & Clifton St NW,38.920981,-77.027118,11297,9527,20824,1770,0.08499807913945448
31022,Clarendon Metro / Wilson Blvd & N Highland St,38.88701007722296,-77.09525674581528,9859,8239,18098,1620,0.08951265333185987
31126,11th & Girard St NW,38.925642,-77.027131,18197,16597,34794,1600,0.04598493993217222
31104,Adams Mill & Columbia Rd NW,38.9228491613136,-77.04252451658249,30276,28757,59033,1519,0.025731370589331393
31119,14th & Belmont St NW,38.921074,-77.031887,26891,25438,52329,1453,0.027766630357927726
31296,Columbia & Ontario Rd NW,38.924088,-77.040787,21365,19919,41284,1446,0.035025675806607884
31030,Langston Blvd & N Adams St,38.89593,-77.089006,5081,3670,8751,1411,0.16123871557536282
31137,Park Pl & Rock Creek Church Rd NW,38.93713516763736,-77.01912492513657,7419,6064,13483,1355,0.10049692204998888
31333,Wisconsin Ave & Rodman St NW,38.93967417202165,-77.07527697086334,3980,2639,6619,1341,0.20259857984589819
31107,Lamont & Mt Pleasant NW,38.9319,-77.0388,25040,23703,48743,1337,0.02742957963194715
31421,Grant Circle,38.942024743273045,-77.01822102069855,6733,5416,12149,1317,0.10840398386698494
31116,California St & Florida Ave NW,38.917761,-77.04062,20997,19696,40693,1301,0.03197110068070676
31117,15th & Euclid St NW,38.92333,-77.0352,19222,17938,37160,1284,0.03455328310010764
31339,18th St & Ingleside Ter NW,38.934784,-77.041362,7448,6272,13720,1176,0.08571428571428572
31020,Wilson Blvd & N Franklin Rd,38.8904,-77.0889,3511,2371,5882,1140,0.19381162869772187
31123,14th & Girard St NW,38.925284,-77.032375,11837,10713,22550,1124,0.04984478935698448
31320,American University East Campus,38.936298,-77.087128,5748,4677,10425,1071,0.10273381294964029
31017,Wilson Blvd & N Uhle St,38.891696,-77.0846,4933,3872,8805,1061,0.12049971607041454
31306,39th & Calvert St NW / Stoddert,38.922649,-77.077271,9174,8116,17290,1058,0.06119144013880856
31507,1st & Washington Hospital Center NW,38.928743,-77.012457,6346,5340,11686,1006,0.08608591476981003
31647,7th St & Massachusetts Ave NE,38.89222,-76.99602,8337,7371,15708,966,0.06149732620320856
31513,Rhode Island Ave & V St NE,38.918155,-77.004746,4138,3216,7354,922,0.12537394615175415
31308,39th & Veazey St NW,38.943837,-77.077078,3148,2255,5403,893,0.16527854895428465
31504,10th & Monroe St NE,38.932456900063606,-76.99353396892548,4128,3239,7367,889,0.12067327270259265
31304,36th & Calvert St NW / Glover Park,38.922581,-77.070334,5614,4733,10347,881,0.0851454527882478
31651,11th & Park Rd NW,38.93142879,-77.028289676,15098,14222,29320,876,0.029877216916780355
31121,Calvert St & Woodley Pl NW,38.923583,-77.050046,13127,12296,25423,831,0.032686937025528065
31302,Wisconsin Ave & Newark St NW,38.934881,-77.072755,9276,8450,17726,826,0.046598217307909286
31113,Columbia Rd & Belmont St NW,38.920669,-77.04368,17291,16468,33759,823,0.024378684202731125
31024,Virginia Square Metro / Monroe St & 9th St N,38.882788,-77.103148,6560,5761,12321,799,0.06484863241619998
31523,Lincoln Rd & Seaton Pl NE/Harry Thomas Rec Center,38.915,-77.0078,6622,5824,12446,798,0.06411698537682789
31419,Georgia Ave & Morton St NW,38.932059407,-77.023586392,14472,13683,28155,789,0.028023441662226957
31267,17th St & Massachusetts Ave NW,38.908568,-77.038542,13775,12990,26765,785,0.029329348029142537
31395,Massachusetts & Idaho Ave NW,38.931349,-77.077214,3951,3174,7125,777,0.10905263157894737
31649,14th & Newton St NW,38.931991,-77.032956,10826,10054,20880,772,0.03697318007662835
31426,10th St & Spring Rd NW,38.936228,-77.027163,6575,5805,12380,770,0.062197092084006464
31303,Tenleytown / Wisconsin Ave & Albemarle St NW,38.947607,-77.079382,7894,7158,15052,736,0.04889715652404996
31026,Washington Blvd & 10th St N,38.884734,-77.093485,3050,2325,5375,725,0.13488372093023257
31037,Ballston Metro / Stuart St & 9th St N,38.881044,-77.111768,8062,7351,15413,711,0.04612989035230001
31105,14th & Harvard St NW,38.9268,-77.0322,7063,6355,13418,708,0.05276494261439857
31307,3000 Connecticut Ave NW / National Zoo,38.930282,-77.055599,7286,6579,13865,707,0.05099170573386224
31612,D St & Maryland Ave NE,38.89484064247075,-76.99591577053069,15059,14356,29415,703,0.02389937106918239
31408,Takoma Metro,38.975219,-77.016855,6825,6157,12982,668,0.051455861962717606
31319,Wisconsin Ave & Brandywine St NW,38.949813,-77.080217,3068,2406,5474,662,0.12093533065400074
31301,Ward Circle / American University,38.938736,-77.087171,5526,4868,10394,658,0.06330575331922263
31268,12th & U St NW,38.916787,-77.028139,10357,9713,20070,644,0.032087693074240156
31019,Wilson Blvd & N Edgewood St,38.889396070923496,-77.09186241030693,4971,4330,9301,641,0.06891732071820235
31124,14th & Irving St NW,38.928552,-77.032224,27387,26747,54134,640,0.011822514501052943
31401,14th & Quincy St NW,38.938024,-77.032688,15426,14797,30223,629,0.02081196439797505
31110,20th St & Florida Ave NW,38.9154,-77.0446,12112,11521,23633,591,0.025007404899928067
31619,Lincoln Park / 13th & East Capitol St NE ,38.890461,-76.988355,18444,17861,36305,583,0.016058394160583942
31028,N Veitch St & Key Blvd,38.893237,-77.086063,2023,1445,3468,578,0.16666666666666666
31122,16th & Irving St NW,38.928893,-77.03625,13052,12475,25527,577,0.022603517843851607
31021,Clarendon Blvd & N Fillmore St,38.8881,-77.09308,4121,3553,7674,568,0.07401615845712796
31316,Yuma St & Tenley Circle NW,38.946182,-77.08059,1233,681,1914,552,0.2884012539184953
31623,Columbus Circle / Union Station,38.89696,-77.00493,53861,53320,107181,541,0.005047536410371241
31241,Thomas Circle,38.9059,-77.0325,17878,17367,35245,511,0.014498510427010924
31207,Georgia Ave & Fairmont St NW,38.92478458526696,-77.02232748270035,7116,6611,13727,505,0.036788810373716035
31039,Wilson Blvd & N Quincy St,38.880012,-77.107854,5783,5281,11064,502,0.045372378886478666
31310,Connecticut & Nebraska Ave NW,38.955016,-77.069956,4939,4467,9406,472,0.050180735700616624
31311,13th & O St NW/ Logan Circle,38.908735,-77.029779,19766,19298,39064,468,0.01198033995494573
31305,Connecticut Ave & Macomb St NW / Cleveland Park,38.933670282,-77.057640195,5068,4602,9670,466,0.048190279214064116
31313,Connecticut Ave & Tilden St NW,38.94113915653008,-77.061977237463,3751,3294,7045,457,0.06486870120652945
31286,11th & O St NW,38.90843146089006,-77.02708840370178,16028,15579,31607,449,0.01420571392413073
31505,Eckington Pl & Q St NE,38.91066,-77.004615,18302,17880,36182,422,0.011663257973578022
31391,44th St & New Mexico Ave NW,38.933899,-77.086263,3295,2876,6171,419,0.06789823367363475
31400,Georgia & New Hampshire Ave NW,38.9366839345886,-77.02418088912964,12235,11817,24052,418,0.017379012140362547
31522,2nd St & Seaton Pl NE,38.91475110883116,-77.00356006622314,7034,6621,13655,413,0.030245331380446723
31038,Glebe Rd & 11th St N,38.883921,-77.116817,3151,2752,5903,399,0.0675927494494325
31420,17th & Upshur St NW,38.942146,-77.038684,2327,1940,4267,387,0.09069603937192407
32140,18th St & Belmont Rd NW,38.920925,-77.042071,7432,7047,14479,385,0.02659023413219145
32399,16th & Pine St NW,38.930882931,-77.036236882,3496,3113,6609,383,0.05795127855954002
31034,Fairfax Dr & N Randolph St,38.882629,-77.109366,3618,3236,6854,382,0.05573387802742924
31260,23rd & E St NW ,38.896104,-77.049882,7667,7289,14956,378,0.02527413746991174
31417,Kansas Ave & Sherman Cr NW,38.94796174822241,-77.02154964208603,5481,5106,10587,375,0.03542079909322755
31223,Convention Center / 7th & M St NW,38.905737,-77.02227,17211,16838,34049,373,0.010954800434667684
31534,7th & Monroe St NE,38.932242581555066,-76.9961330294609,8354,7983,16337,371,0.022709187733365978
31324,18th & New Hampshire Ave NW,38.911268,-77.041829,25861,25492,51353,369,0.00718555877942866
31298,15th & M St NW,38.905424,-77.034674,12686,12319,25005,367,0.014677064587082584
32025,Carroll & Westmoreland Ave,38.975,-77.01121,1778,1416,3194,362,0.11333750782717596
31640,Maryland Ave & E St NE,38.8962260397813,-76.99278563261032,13351,13002,26353,349,0.013243274010549083
31418,New Hampshire & Gallatin St NW,38.951596,-77.012808,4474,4127,8601,347,0.04034414602953145
31210,17th St & Rhode Island Ave NW,38.906826496,-77.038751483,13357,13011,26368,346,0.013121966019417475
31924,Wilson Blvd & N Troy St,38.892556,-77.082089,2916,2572,5488,344,0.06268221574344024
31527,North Capitol & R St NE,38.91256,-77.008775,10011,9676,19687,335,0.01701630517600447
31607,13th & E St SE,38.882928133,-76.987836242,3807,3472,7279,335,0.046022805330402525
31425,Georgia Ave & Dahlia St NW,38.976061,-77.026747,3632,3297,6929,335,0.0483475248953673
31040,GMU/Fairfax Dr & Kenmore St,38.88470271575736,-77.10030198097229,3174,2839,6013,335,0.055712622650923
31393,Wisconsin Ave & Upton St NW,38.941808,-77.07643,6563,6247,12810,316,0.024668227946916473
31514,Hamlin & 7th St NE,38.927497,-76.997194,6308,5994,12302,314,0.025524304991058365
31093,21st St & N Pierce St,38.898984,-77.078317,2700,2389,5089,311,0.06111220279033209
32048,Bethesda Metro / Wisconsin Ave & Old Georgetown Rd,38.984691,-77.094537,2672,2364,5036,308,0.06115965051628276
31023,Fairfax Dr & Wilson Blvd,38.885801,-77.097745,3779,3477,7256,302,0.041620727673649396
31973,N Pershing Dr & N Quebec St,38.874248,-77.104784,1983,1686,3669,297,0.08094848732624693
31699,Eastern Market Metro,38.884181,-76.995358,40298,40004,80302,294,0.0036611790490896864
31325,Reservoir Rd & 38th St NW,38.91261359469192,-77.07432264076488,14824,14530,29354,294,0.010015670777406827
31226,34th St & Wisconsin Ave NW,38.916442,-77.0682,10982,10692,21674,290,0.013380086739872659
31035,N Quincy St & Glebe Rd,38.876393,-77.107735,1966,1692,3658,274,0.07490431930016403
31027,Wilson Blvd & N Quinn St,38.893993,-77.07857,5803,5544,11347,259,0.02282541640962369
31392,39th St & Tunlaw Rd NW,38.9257,-77.079119,4862,4603,9465,259,0.027363972530375067
31407,Colorado Ave & Longfellow St NW,38.957212,-77.032707,4493,4238,8731,255,0.02920627648608407
32231,Dunn Loring Metro,38.8828,-77.2283,1644,1390,3034,254,0.08371786420566908
31529,Edgewood Rec Center,38.924144,-77.002098,6680,6430,13110,250,0.01906941266209001
31031,15th St & N Scott St,38.890479326,-77.080910563,3709,3460,7169,249,0.034732877667736084
31112,Harvard St & Adams Mill Rd NW,38.927872,-77.043358,6576,6329,12905,247,0.019139868268113133
31018,Rhodes St & 16th St N,38.892164,-77.079375,2120,1875,3995,245,0.06132665832290363
31309,Fessenden St & Wisconsin Ave NW,38.954812,-77.082426,1807,1564,3371,243,0.07208543458914268
32003,Montgomery Ave & Waverly St ,38.983838,-77.09221,1160,922,2082,238,0.1143131604226705
32019,East West Hwy & Blair Mill Rd,38.990249,-77.02935,1050,812,1862,238,0.12781954887218044
32014,Friendship Hts Metro / Wisconsin Ave & Wisconsin Cir,38.961763,-77.085998,2832,2596,5428,236,0.043478260869565216
32001,Fenton St & New York Ave ,38.985404,-77.023082,1306,1071,2377,235,0.09886411442995373
32008,Cordell & Norfolk Ave,38.98954,-77.098029,1467,1233,2700,234,0.08666666666666667
31050,Barton St & 10th St N,38.884961,-77.08777,1877,1648,3525,229,0.0649645390070922
31290,17th St & Independence Ave SW,38.888097,-77.038325,13094,12866,25960,228,0.008782742681047766
31657,Massachusetts Ave & 6th St NE,38.892875,-76.998413,9700,9472,19172,228,0.011892343000208638
31659,11th & C St SE,38.885908,-76.991476,7471,7244,14715,227,0.015426435609921848
31528,John McCormack Rd NE,38.938889,-76.997226,2048,1821,3869,227,0.058671491341431896
31511,12th & Irving St NE,38.928644,-76.990955,3624,3398,7022,226,0.03218456280262034
31643,1st & D St SE,38.884916,-77.005965,12446,12221,24667,225,0.009121498358130295
31626,15th St & Massachusetts Ave SE,38.88732,-76.983569,7242,7023,14265,219,0.015352260778128285
31138,4th & College St NW,38.92123296360907,-77.01813519001007,3019,2800,5819,219,0.037635332531362774
31405,Georgia Ave & Emerson St NW,38.949662,-77.027333,2122,1906,4028,216,0.05362462760675273
31406,14th & Upshur St NW,38.942475355602845,-77.03267812728882,5489,5274,10763,215,0.01997584316640342
31032,Washington Blvd & 7th St N,38.88081,-77.090792,1839,1626,3465,213,0.06147186147186147
31641,2nd St & Massachusetts Ave NE,38.894972,-77.003135,17669,17457,35126,212,0.006035415361840232
32040,Friendship Blvd & Willard Ave,38.96115,-77.088659,1481,1273,2754,208,0.07552650689905592
32053,Medical Center Metro ,38.999378,-77.097882,1346,1139,2485,207,0.08329979879275654
31080,Langston Blvd & N Scott St,38.897612,-77.080851,4341,4135,8476,206,0.024303916941953753
31065,N Pershing Dr & N Wayne St,38.880705,-77.08596,2153,1950,4103,203,0.049475993175725076
31629,8th & East Capitol St NE,38.889988,-76.995193,6490,6293,12783,197,0.015411092857701635
31423,Kansas Ave & Longfellow St NW,38.958098,-77.013821,2368,2172,4540,196,0.04317180616740088
31618,4th & East Capitol St NE,38.889955,-77.000349,13314,13127,26441,187,0.007072349759842668
31605,3rd & D St SE,38.8851,-77.0023,9986,9800,19786,186,0.009400586273122409
31394,New Mexico & Cathedral Ave NW,38.930316,-77.083704,2271,2085,4356,186,0.04269972451790634
31229,New Hampshire Ave & T St NW,38.915544,-77.038252,46856,46671,93527,185,0.0019780384274059896
33101,17th St & Kalorama Rd NW,38.9216394,-77.0385592,5015,4830,9845,185,0.018791264601320468
31610,Eastern Market / 7th & North Carolina Ave SE,38.886952,-76.996806,16183,15999,32182,184,0.005717481822136598
31644,12th St & Pennsylvania Ave SE,38.882489,-76.990121,6460,6280,12740,180,0.0141287284144427
32027,Battery Ln & Trolley Trail,38.992375,-77.100104,1666,1490,3156,176,0.05576679340937896
31236,37th & O St NW / Georgetown University,38.907837,-77.07166,25220,25045,50265,175,0.0034815477966776086
31502,John McCormack Rd & Michigan Ave NE,38.9346,-76.9955,2373,2198,4571,175,0.03828483920367534
31340,North Capitol & Douglas St NW / Reservoir Park Rec ,38.923613,-77.009814,2255,2080,4335,175,0.040369088811995385
31622,13th & D St NE,38.894832,-76.987633,11870,11701,23571,169,0.007169827330193882
31338,Connecticut Ave & Ordway St NW / Cleveland Park Metro ,38.935842,-77.058468,8154,7986,16140,168,0.010408921933085501
31700,Marion Barry Ave & Naylor Rd SE,38.861663,-76.969184,620,462,1082,158,0.14602587800369685
31269,3rd St & Pennsylvania Ave SE,38.887378,-77.001955,13633,13481,27114,152,0.005605960020653537
31242,18th St & Pennsylvania Ave NW,38.89968,-77.041539,9752,9603,19355,149,0.007698269181090157
31029,N Veitch St & 20th St N,38.896923,-77.086502,3715,3568,7283,147,0.020183990113964025
31533,Tanner Park,38.911213594521456,-77.0022565126419,16563,16417,32980,146,0.004426925409338993
31279,19th & G St NW,38.898412,-77.043182,8520,8374,16894,146,0.008642121463241387
32055,Woodmont Ave & Strathmore St,38.979875,-77.093522,2572,2428,5000,144,0.0288
32021,47th & Elm St,38.982456,-77.091991,992,848,1840,144,0.0782608695652174
31904,East Falls Church Metro / Sycamore St & 19th St N,38.88532071975074,-77.15642720460892,3896,3753,7649,143,0.01869525428160544
31725,16th St & North Carolina Ave NE,38.893062,-76.982464,4981,4840,9821,141,0.014356990123205376
31920,Washington-Liberty High School / N Stafford St & Generals Way,38.888282,-77.111066,3387,3248,6635,139,0.020949510173323287
31919,Carlin Springs Rd & N Thomas St,38.876695,-77.112982,1654,1516,3170,138,0.043533123028391164
31287,10th St & L'Enfant Plaza SW,38.88432272414662,-77.02601015567778,6773,6636,13409,137,0.010217018420463868
31328,21st St & G st NW,38.89830173667249,-77.04691261053085,13424,13288,26712,136,0.005091344713986224
31252,21st St & Pennsylvania Ave NW,38.901539,-77.046564,6697,6563,13260,134,0.010105580693815988
31079,Langston Blvd & N Cleveland St,38.894941,-77.09169,2708,2574,5282,134,0.025369178341537298
31025,Central Library / Quincy St & 10th St N,38.88397,-77.10783,3437,3305,6742,132,0.019578760011865915
31036,George Mason Dr & Wilson Blvd,38.87887,-77.1207,2114,1988,4102,126,0.030716723549488054
31516,Rhode Island Ave Metro,38.920682,-76.995876,5327,5203,10530,124,0.01177587844254511
31665,Stadium Armory Metro,38.88548252734069,-76.97718724608421,3435,3311,6746,124,0.018381262970649275
32050,Spring St & 2nd Ave,38.997653,-77.034499,409,286,695,123,0.17697841726618704
32024,Fenton St & Gist Ave,38.989724,-77.023854,1027,906,1933,121,0.06259699948266943
31429,Rock Creek Pkwy & Pkwy Dr NW ,38.891970158,-77.054595232,6224,6104,12328,120,0.00973393900064893
32046,River Rd & Landy Ln,38.964992,-77.103381,2139,2019,4158,120,0.02886002886002886
31526,Rhode Island & Montana Ave NE,38.924492,-76.985133,1553,1433,2986,120,0.04018754186202277
32299,Greensboro Dr & Silver Hill Dr,38.924325,-77.232091,294,177,471,117,0.2484076433121019
32026,Carroll & Ethan Allen Ave,38.977933,-77.006472,1834,1721,3555,113,0.031786216596343175
31518,New York Ave & Hecht Ave NE,38.915604,-76.983683,9447,9336,18783,111,0.00590959910557419
31334,Loughboro Rd & Dalecarlia Pkwy NW / Sibley Hospital,38.935839,-77.106913,1031,923,1954,108,0.05527123848515865
31317,Wisconsin Ave & Ingomar St NW,38.958267,-77.084636,1589,1482,3071,107,0.0348420709866493
32260,Vienna Metro South,38.877415,-77.270731,1106,1000,2106,106,0.050332383665717
31806,Congress Heights Metro,38.844711,-76.987823,826,723,1549,103,0.06649451258876694
31413,3rd & Underwood St NW,38.96893546152592,-77.01626300811768,2528,2426,4954,102,0.020589422688736373
31390,Whitehaven Pkwy & Foxhall Rd NW / GWU Mt. Vernon,38.916501,-77.0909109,1418,1319,2737,99,0.03617099013518451
32006,13th St & Eastern Ave,38.987,-77.029417,773,674,1447,99,0.06841741534208708
32261,Vaden Dr & Royal Victoria Dr/Jim Scott Cmty Ctr,38.873261,-77.272999,357,258,615,99,0.16097560975609757
31292,22nd St & Constitution Ave NW,38.892441,-77.048947,6910,6813,13723,97,0.007068425271442105
31970,First St & Fayette St,38.817019,-77.050105,1826,1730,3556,96,0.02699662542182227
32029,Offutt Ln & Chevy Chase Dr,38.977093,-77.094589,849,753,1602,96,0.0599250936329588
32051,Connecticut Ave & Chevy Chase Lake Dr,38.994113,-77.076986,778,685,1463,93,0.063568010936432
32039,Old Georgetown Rd & Southwick St,38.999634,-77.109647,1003,911,1914,92,0.04806687565308255
31424,9th & Ingraham St NW,38.95366314394005,-77.02561318874359,3481,3393,6874,88,0.012801862089031132
31064,Gravelly Point,38.865029,-77.039511,10244,10161,20405,83,0.004067630482724822
31976,Virginia Hospital Center,38.88791377249907,-77.12801456451415,1276,1194,2470,82,0.03319838056680162
31069,N Pershing Dr & N George Mason Dr,38.871822,-77.107906,2604,2523,5127,81,0.01579871269748391
32028,Norfolk & Rugby Ave,38.990639,-77.100239,736,655,1391,81,0.058231488138030196
31535,10th St & Rhode Island Ave NE,38.92248919793601,-76.99267029762268,2790,2711,5501,79,0.014361025268133067
31541,10th & Quincy St NE / Turkey Thicket Rec,38.937849,-76.993509,3751,3673,7424,78,0.01050646551724138
31415,Georgia Ave & Kennedy St NW,38.95674,-77.02791,1564,1486,3050,78,0.025573770491803278
31081,Duke St & John Carlyle St,38.804378,-77.060866,1108,1030,2138,78,0.03648269410664172
32002,Bethesda Ave & Arlington Rd,38.981103,-77.097426,2724,2649,5373,75,0.013958682300390842
31900,Langston Blvd & N Woodstock St,38.898301,-77.118009,1772,1697,3469,75,0.021620063418852694
32243,Reston Town Center Metro North,38.953691,-77.359717,1480,1409,2889,71,0.024575977847005884
32606,N Roosevelt St & Roosevelt Blvd,38.878085,-77.153953,880,810,1690,70,0.04142011834319527
33202,27th St & Woodley Rd NW,38.925764,-77.055113,449,379,828,70,0.08454106280193237
31663,14th & D St SE,38.8840581,-76.9863852,9384,9315,18699,69,0.0036900369003690036
31536,5th & Morse St NE,38.90728677325468,-76.99916660785675,16213,16145,32358,68,0.0021014895852648494
31089,Court House Metro / 15th St & N Uhle St,38.890646696,-77.084795594,7688,7620,15308,68,0.004442121766396656
32058,Sligo Ave & Carroll Ln,38.990874,-77.016311,568,503,1071,65,0.06069094304388422
31935,National Airport,38.852903,-77.045916,2247,2184,4431,63,0.014218009478672985
32420,Prince George's Plaza Metro,38.965742,-76.954803,1785,1722,3507,63,0.017964071856287425
32232,West Falls Church Metro,38.9001,-77.1887,404,342,746,62,0.08310991957104558
31621,4th & D St NW / Judiciary Square,38.895344,-77.016106,5709,5651,11360,58,0.0051056338028169015
31625,3rd & G St SE,38.881185,-77.001828,13932,13875,27807,57,0.002049843564570072
31273,Hains Point/Buckeye & Ohio Dr SW,38.878433,-77.03023,7711,7656,15367,55,0.0035790980672870437
31300,Van Ness Metro / UDC,38.944551,-77.063896,6394,6340,12734,54,0.004240615674572012
32221,Greensboro & International Dr,38.923083,-77.227417,200,146,346,54,0.15606936416184972
32406,Fleet St & Waterfront St,38.782633,-77.016059,812,760,1572,52,0.03307888040712468
31977,Marymount University / Yorktown Blvd & 26th St N,38.904252,-77.127776,483,431,914,52,0.05689277899343545
31608,8th & Eye St SE / Barracks Row,38.8792,-76.9953,6314,6263,12577,51,0.004055021070207522
31092,Langston Blvd & N Monroe St,38.896456,-77.104562,1638,1587,3225,51,0.01581395348837209
32034,Silver Spring Transit Center - Top Level,38.99403485060837,-77.03037142753601,657,606,1263,51,0.040380047505938245
31082,Eisenhower Ave & Mill Race Ln,38.801111,-77.068952,1927,1878,3805,49,0.012877792378449408
31902,Wilson Blvd & N Illinois St ,38.876528,-77.12712,1368,1319,2687,49,0.018235950874581318
31399,Old Meadow Rd & Cathy Ln,38.916908,-77.213879,277,229,506,48,0.09486166007905138
32211,Greensboro Metro East,38.920687266851736,-77.233165204525,249,201,450,48,0.10666666666666667
32218,Temporary Rd & Old Reston Ave,38.960084,-77.353414,309,263,572,46,0.08041958041958042
32075,North Bethesda Metro,39.04753,-77.11287,650,605,1255,45,0.035856573705179286
32302,Innovation Metro South,38.960152,-77.416872,178,135,313,43,0.13738019169329074
31827,St. Elizabeths West Campus/DHS ,38.853124,-77.005174,1707,1665,3372,42,0.012455516014234875
32430,Guilford Drive & Rowalt Drive / UMD,38.978008,-76.939269,1272,1230,2502,42,0.016786570743405275
31908,Radford & Osage St,38.828471,-77.086061,297,255,552,42,0.07608695652173914
32205,Westpark & Jones Branch Dr,38.924437,-77.217664,271,229,500,42,0.084
31322,48th Pl & MacArthur Blvd NW,38.916561,-77.095513,1920,1879,3799,41,0.010792313766780732
32095,Crabbs Branch Avenue & Gramercy Blvd,39.124921,-77.164467,142,101,243,41,0.16872427983539096
31820,Anacostia Park,38.873926,-76.981179,1346,1306,2652,40,0.015082956259426848
31986,Richmond Hwy & Swann Ave,38.829222,-77.050979,684,645,1329,39,0.029345372460496615
32236,Vy Reston Heights,38.949008,-77.355299,236,198,434,38,0.08755760368663594
31318,Connecticut Ave & Yuma St NW,38.947156,-77.065115,3607,3570,7177,37,0.005155357391667828
31091,Joyce St & 16th St S,38.859254,-77.063275,3317,3280,6597,37,0.0056086099742307105
31386,Prosperity Ave & Avenir Pl,38.88143586412813,-77.23037748489112,426,389,815,37,0.04539877300613497
32212,New Dominion Pkwy & Fountain Dr,38.960574,-77.356324,297,261,558,36,0.06451612903225806
32063,Amherst Ave & Elkins St,39.044887,-77.047788,294,258,552,36,0.06521739130434782
31982,20th & Q St NW,38.9110858,-77.0450612,18834,18799,37633,35,0.0009300348098743124
31637,North Capitol St & G Pl NE,38.899703,-77.008911,6864,6829,13693,35,0.0025560505367706126
32407,Oxon Hill Park & Ride,38.798749,-77.00103,147,112,259,35,0.13513513513513514
33204,15th & Chapin St NW,38.921468,-77.035244,236,202,438,34,0.0776255707762557
31957,King St & Kenwood Ave,38.824793,-77.085066,256,223,479,33,0.06889352818371608
31937,Arlington Blvd & Ft Myer Dr,38.890863,-77.074893,2948,2916,5864,32,0.005457025920873124
32282,School St & George Mason Blvd,38.837382,-77.30938,235,203,438,32,0.0730593607305936
31422,Broad Branch Rd & Northampton St NW,38.96577499342219,-77.06862643361092,993,963,1956,30,0.015337423312883436
31411,Georgia & Missouri Ave NW,38.961339,-77.027855,3436,3407,6843,29,0.004237907350577232
31520,24th & R St NE / National Arboretum,38.91263,-76.971923,3155,3126,6281,29,0.004617099188027384
31974,Mandeville Ln & Stovall St,38.802893,-77.072558,1276,1248,2524,28,0.011093502377179081
32080,Fishers Ln & Rock Creek Mill Rd,39.0629,-77.113454,530,502,1032,28,0.027131782945736434
32310,Huntington Metro North,38.79555014326477,-77.07516524458687,123,95,218,28,0.12844036697247707
31922,Potomac Greens & Carpenter Rd,38.831094623,-77.046109796,430,403,833,27,0.03241296518607443
32258,Reston Town Center Metro South,38.9523,-77.361466,289,262,551,27,0.04900181488203267
31825,Fort Stanton Rec Center,38.85736903758752,-76.97768801437633,139,112,251,27,0.10756972111553785
31905,Kennebec St & 11th St N,38.880992,-77.135271,1872,1846,3718,26,0.006993006993006993
32607,S Maple Ave & S Washington St,38.87972,-77.178408,575,549,1124,26,0.023131672597864767
31829,16th & Bangor St SE,38.86044,-76.983585,421,395,816,26,0.031862745098039214
31259,20th St & Virginia Ave NW,38.894722,-77.045128,3238,3213,6451,25,0.0038753681599751977
31946,Kenmore Ave & Seminary Rd,38.828887,-77.110588,383,358,741,25,0.033738191632928474
31916,Potomac Ave & Swann Ave,38.829545,-77.047844,1419,1395,2814,24,0.008528784648187633
32229,Park Run & Onyx Dr,38.92755,-77.226644,417,393,810,24,0.02962962962962963
32272,Madrillon Rd & Boss St,38.910016,-77.226266,287,263,550,24,0.04363636363636364
31280,11th & S St NW,38.91360117514392,-77.02711522579193,18049,18026,36075,23,0.0006375606375606375
31948,W&OD Trail & Langston Blvd,38.88715,-77.16212,1185,1162,2347,23,0.0097997443544951
32413,Rhode Island Ave & 39th St / Brentwood Arts Exchange,38.939271,-76.955047,872,849,1721,23,0.01336432306798373
32411,Northwestern High School,38.975505,-76.952199,579,556,1135,23,0.02026431718061674
31722,Woody Ward Rec Center,38.879575,-76.926596,112,89,201,23,0.11442786069651742
31141,Arlington Blvd & N Queen St,38.889249,-77.077209,558,536,1094,22,0.02010968921389397
32215,Wiehle-Reston Metro South,38.94660792121498,-77.3393914103508,342,320,662,22,0.03323262839879154
32400,1301 McCormick Dr / Wayne K. Curry Admin Bldg,38.908391,-76.843263,227,205,432,22,0.05092592592592592
32247,South Lakes Dr and Reston Pkwy,38.94335,-77.362304,131,109,240,22,0.09166666666666666
32201,Westpark Dr & Leesburg Pike,38.92403,-77.235955,227,206,433,21,0.04849884526558892
31724,41st St & Alabama Ave SE / Fort Davis Rec,38.870353,-76.945283,106,85,191,21,0.1099476439790576
31720,Anacostia Roller Skating Pavilion,38.878771,-76.97093,1395,1375,2770,20,0.007220216606498195
32204,Tysons Metro North,38.920939,-77.222115,847,827,1674,20,0.011947431302270013
31199,Martha Custis Dr & Lyons Ln,38.841871,-77.082124,375,355,730,20,0.0273972602739726
31822,Stanton Square SE,38.855004,-76.984512,180,160,340,20,0.058823529411764705
31964,Virginia Theological Seminary,38.820152,-77.093879,108,88,196,20,0.10204081632653061
32296,Metro Park Dr & Walker Ln ,38.76843,-77.156504,122,103,225,19,0.08444444444444445
32246,Golf Course Sq and Golf Course Dr,38.944013,-77.353552,66,47,113,19,0.168141592920354
31048,King St Metro South,38.80576284873485,-77.060626745224,1735,1717,3452,18,0.005214368482039398
31914,Lee Center,38.797557,-77.053766,685,667,1352,18,0.013313609467455622
31730,Nebraska & Utah Ave NW,38.967291,-77.060662,793,776,1569,17,0.010834926704907584
32067,Shady Grove Metro East,39.121327,-77.164969,479,462,941,17,0.018065887353878853
32224,Town Center Pkwy & Sunset Hills Rd,38.955170598044894,-77.3630940914154,376,359,735,17,0.02312925170068027
32250,Glade Dr & Pinecrest Rd/Cathy Hudgins Cmty Ctr,38.941496,-77.366499,295,278,573,17,0.029668411867364748
31952,N Howard St & N Imboden St,38.818509,-77.105564,123,106,229,17,0.07423580786026202
31928,N. Beauregard St. & Berkley St.,38.84154815912996,-77.10773438215256,637,621,1258,16,0.012718600953895072
32037,King Farm Blvd & Pleasant Dr,39.114688,-77.171487,593,577,1170,16,0.013675213675213675
32200,Spring Hill Metro,38.929261,-77.240654,268,252,520,16,0.03076923076923077
31532,4th & Florida Ave NE,38.90731645057457,-77.00069814920425,29796,29781,59577,15,0.00025177501384762577
31728,55th & East Capitol St NE,38.889926,-76.922783,250,235,485,15,0.030927835051546393
31051,12th St N & N Pierce St,38.887659,-77.07592,1432,1418,2850,14,0.004912280701754386
32074,Twinbrook Metro,39.062041,-77.120776,944,930,1874,14,0.007470651013874066
32062,Wheaton Metro / Georgia Ave & Reedie Dr,39.038423828518326,-77.05102041363716,667,653,1320,14,0.010606060606060607
32216,Library St & Freedom Dr,38.959633,-77.358741,611,597,1208,14,0.011589403973509934
32609,W Columbia St & N Washington St,38.885621,-77.166917,538,524,1062,14,0.013182674199623353
32227,Greensboro & Pinnacle Dr,38.92245,-77.23034,26,12,38,14,0.3684210526315789
31220,21st & E St NW,38.8961140441491,-77.04661488533019,8683,8670,17353,13,0.0007491500028813462
32077,Rockville Pike & Old Georgetown Rd,39.049765,-77.11368,172,159,331,13,0.03927492447129909
32305,Carta Way & Sayward Blvd,38.95783369794528,-77.4193554659783,134,121,255,13,0.050980392156862744
32064,Amherst Ave & Prichard Rd,39.035965,-77.048395,132,119,251,13,0.05179282868525897
32065,Grandview & Blueridge Ave,39.043272,-77.053085,364,352,716,12,0.01675977653631285
32207,Westpark & Park Run Dr,38.928854,-77.22518,134,122,256,12,0.046875
32089,New Hampshire & Lockwood,39.0391022,-76.9918237,61,49,110,12,0.10909090909090909
32214,W&OD Trail & Explorer St/Reston Bus Station,38.957037,-77.359718,832,822,1654,10,0.006045949214026602
32415,Tanger Outlets,38.7968,-77.0026,763,753,1516,10,0.006596306068601583
32417,Hyattsville Library / Adelphi Rd & Toledo Rd,38.969471335,-76.949234128,499,489,988,10,0.010121457489878543
31800,Alabama & MLK Ave SE,38.84322988730829,-76.99937582015991,460,450,910,10,0.01098901098901099
31942,Whiting & Lane Dr,38.809709,-77.135788,178,168,346,10,0.028901734104046242
32434,Motiva Greenbelt,39.010335,-76.897747,84,74,158,10,0.06329113924050633
32402,Baltimore Ave & Van Buren St / Riverdale Park Station,38.969581,-76.937349,1214,1205,2419,9,0.0037205456800330715
32429,Bowdoin Ave & Calvert Rd/ College Park Station,38.978103,-76.928879,1955,1947,3902,8,0.0020502306509482316
32431,Baltimore Avenue and Hotel Drive at UMD,38.986639,-76.936073,1457,1449,2906,8,0.0027529249827942187
32220,W&OD Trail/Sunset Hills Rd & Isaac Newton Sq,38.951419,-77.340281,685,677,1362,8,0.005873715124816446
32242,Market St & St Francis St,38.95866,-77.361516,632,624,1256,8,0.006369426751592357
32225,Reston Pkwy & Spectrum Dr,38.964207741006206,-77.35428035259247,282,274,556,8,0.014388489208633094
32279,George Mason Blvd & Armstrong St,38.841099,-77.30718,157,149,306,8,0.026143790849673203
32238,Ridge Heights Rd & Seahawks Dr,38.936061,-77.337775,133,125,258,8,0.031007751937984496
31718,Ridge Rd Community Center,38.87622744575148,-76.94098126958124,84,76,160,8,0.05
32217,Sunset Hills Rd & Discovery Square,38.95534,-77.357611,20,12,32,8,0.25
31636,New Jersey Ave & N St NW/Dunbar HS,38.90733256111448,-77.01536044478416,10275,10268,20543,7,0.0003407486735140924
32009,Frederick Ave & Horners Ln,39.094772,-77.145213,148,141,289,7,0.02422145328719723
32094,Oak Leaf & Lockwood,39.0379809,-76.9945391,108,101,209,7,0.03349282296650718
32289,Franconia-Springfield Metro North,38.766946,-77.168902,504,498,1002,6,0.005988023952095809
32266,Emma Lee St & Morris St,38.877818,-77.209421,127,121,248,6,0.024193548387096774
32313,Huntington Ave & Metroview Pkwy,38.79724166658369,-77.07494925027612,72,66,138,6,0.043478260869565216
32090,Stewart & April,39.0449444,-76.9811552,27,21,48,6,0.125
31053,Columbia Pike & S Courthouse Rd,38.863833,-77.080319,1431,1426,2857,5,0.0017500875043752187
32068,Columbus Ave & Tribeca St,39.12582811177034,-77.16705948114395,442,437,879,5,0.005688282138794084
32078,Woodglen Dr & Executive Blvd,39.04317,-77.1135,400,395,795,5,0.006289308176100629
32297,Hilltop Rd & Willowmere Dr ,38.876903,-77.241518,225,220,445,5,0.011235955056179775
32047,Rockville Metro West,39.084379,-77.146866,212,207,419,5,0.011933174224343675
32069,Columbus Ave & Gramercy Blvd,39.12333,-77.16486,17,12,29,5,0.1724137931034483
31950,Long Bridge Aquatic Center,38.87056104566178,-77.04409494996071,2921,2917,5838,4,0.0006851661527920521
31727,17th St & Potomac Ave SE / Congressional Cemetery ,38.882458,-76.980715,2228,2224,4452,4,0.0008984725965858042
32241,Reston Pkwy & Bennington Woods Rd,38.973625,-77.351837,19,15,34,4,0.11764705882352941
31326,Hardy Rec Center,38.90970086204467,-77.08564639091492,4862,4859,9721,3,0.00030861022528546445
32086,Briggs Chaney & Castle Dr,39.081638,-76.945495,134,131,265,3,0.011320754716981131
32351,Wiehle Reston Metro North,38.947971,-77.337685,30,27,57,3,0.05263157894736842
32432,Bladensburg Waterfront Park,38.934324,-76.938248,1374,1372,2746,2,0.0007283321194464676
32433,Rhode Island Avenue /Charles Armentrout Drive - Melrose Skate Park ,38.946393,-76.94602,926,924,1850,2,0.001081081081081081
32294,GMU/Rappahannock River Ln,38.83480010457699,-77.30705653659993,278,276,554,2,0.0036101083032490976
32424,Roosevelt Center & Crescent Rd,39.00031,-76.878005,158,156,314,2,0.006369426751592357
32073,Blueridge Ave & Elkin St,39.04313,-77.05006,145,143,288,2,0.006944444444444444
32248,Olde Crafts Dr and Cartwright Pl,38.938797,-77.354067,111,109,220,2,0.00909090909090909
32311,Dulles Technology Dr & Sunrise Valley Dr,38.95664964981969,-77.41378779401839,77,75,152,2,0.013157894736842105
32233,Jones Branch Drive & Scotts Crossing Rd,38.928502,-77.215624,10,8,18,2,0.1111111111111111
31084,Ballenger Ave & Dulaney St,38.802677,-77.063562,1907,1906,3813,1,0.00026226068712300026
31083,Potomac Greens Dr & Slaters Ln,38.82175,-77.047494,1523,1522,3045,1,0.0003284072249589491
31813,Alabama Ave & Stanton Rd SE / Shops at Park Village,38.84627,-76.98185,215,214,429,1,0.002331002331002331
32314,Huntington Ave & Farrington Ave ,38.79506423015158,-77.07211837833732,92,91,183,1,0.00546448087431694
32239,Becontree Ln & Goldenrain Ct,38.966848,-77.329282,45,44,89,1,0.011235955056179775
32000,Norfolk Ave & Fairmont St,38.988562,-77.096539,1722,1722,3444,0,0.0
32267,Route 29 & Bisvey Dr,38.876912,-77.195847,392,392,784,0,0.0
32018,Needwood Rd & Eagles Head Ct,39.123513,-77.15741,103,103,206,0,0.0
31542,12th & Varnum St NE,38.943596,-76.990157,1230,1231,2461,-1,-0.0004063388866314506
31099,Madison St & N Henry St,38.813485,-77.049468,815,816,1631,-1,-0.0006131207847946045
32608,Falls Church City Hall / Park Ave & Little Falls St,38.885434,-77.173605,775,776,1551,-1,-0.0006447453255963894
32056,East West Hwy & 16th St,38.995681,-77.038721,616,617,1233,-1,-0.0008110300081103001
31001,Brenman Park Dr & Somervelle St,38.809187,-77.116242,407,408,815,-1,-0.001226993865030675
32076,Citadel Ave & McGrath Blvd,39.049,-77.10933,293,294,587,-1,-0.0017035775127768314
322840,Reston Cmty Ctr/Hunters Woods Plaza,38.936418545319846,-77.3609955168468,1,2,3,-1,-0.3333333333333333
name:10th & E St NW,10th & E St NW,38.9,-77.03,0,1,1,-1,-1.0
name:10th St & Constitution Ave NW,10th St & Constitution Ave NW,38.89,-77.03,0,1,1,-1,-1.0
name:10th St & Spring Rd NW,10th St & Spring Rd NW,38.94,-77.03,0,1,1,-1,-1.0
name:13th & O St NW/ Logan Circle,13th & O St NW/ Logan Circle,38.91,-77.03,0,1,1,-1,-1.0
name:13th & U St NW,13th & U St NW,38.92,-77.03,0,1,1,-1,-1.0
name:14th & Quincy St NW,14th & Quincy St NW,38.94,-77.03,0,1,1,-1,-1.0
name:15th & P St NW,15th & P St NW,38.91,-77.03,0,1,1,-1,-1.0
name:16th & Irving St NW,16th & Irving St NW,38.93,-77.04,0,1,1,-1,-1.0
name:17th & G St NW,17th & G St NW,38.9,-77.04,0,1,1,-1,-1.0
name:18th & C St NW,18th & C St NW,38.89,-77.04,0,1,1,-1,-1.0
name:18th St & Rhode Island Ave NE,18th St & Rhode Island Ave NE,38.93,-76.98,0,1,1,-1,-1.0
name:1st & S Capitol St SE / Oxon Run Trail,1st & S Capitol St SE / Oxon Run Trail,38.82,-77.01,0,1,1,-1,-1.0
name:20th & E St NW,20th & E St NW,38.9,-77.05,0,1,1,-1,-1.0
name:20th & L St NW,20th & L St NW,38.9,-77.04,0,1,1,-1,-1.0
name:21st & E St NW,21st & E St NW,38.9,-77.05,0,1,1,-1,-1.0
name:21st St & G st NW,21st St & G st NW,38.9,-77.05,0,1,1,-1,-1.0
name:2nd & V St SW / James Creek Marina,2nd & V St SW / James Creek Marina,38.86,-77.01,0,1,1,-1,-1.0
name:2nd St & Massachusetts Ave NE,2nd St & Massachusetts Ave NE,38.89,-77.0,0,1,1,-1,-1.0
name:39th St & Tunlaw Rd NW,39th St & Tunlaw Rd NW,38.93,-77.08,0,1,1,-1,-1.0
name:3rd St & Pennsylvania Ave SE,3rd St & Pennsylvania Ave SE,38.89,-77.0,0,1,1,-1,-1.0
name:4th & O St SW,4th & O St SW,38.87,-77.02,0,1,1,-1,-1.0
name:4th & W St NE,4th & W St NE,38.92,-77.0,0,1,1,-1,-1.0
name:5th & Kennedy St NW,5th & Kennedy St NW,38.96,-77.02,0,1,1,-1,-1.0
name:5th & Morse St NE,5th & Morse St NE,38.91,-77.0,0,1,1,-1,-1.0
name:8th & K St NE,8th & K St NE,38.9,-77.0,0,1,1,-1,-1.0
name:Anacostia Library,Anacostia Library,38.87,-76.98,0,1,1,-1,-1.0
name:Army Navy Dr & S Eads St,Army Navy Dr & S Eads St,38.86,-77.05,0,1,1,-1,-1.0
name:Benning Branch Library,Benning Branch Library,38.89,-76.95,0,1,1,-1,-1.0
name:Braddock Rd Metro North,Braddock Rd Metro North,38.81,-77.05,0,1,1,-1,-1.0
name:Connecticut Ave & McKinley St NW,Connecticut Ave & McKinley St NW,38.96,-77.08,0,1,1,-1,-1.0
name:Connecticut Ave & Ordway St NW / Cleveland Park Metro,Connecticut Ave & Ordway St NW / Cleveland Park Metro ,38.94,-77.06,0,1,1,-1,-1.0
name:Constitution Ave & 2nd St NW/DOL,Constitution Ave & 2nd St NW/DOL,38.89,-77.01,0,1,1,-1,-1.0
name:Eisenhower Ave & Mill Race Ln,Eisenhower Ave & Mill Race Ln,38.8,-77.07,0,1,1,-1,-1.0
name:Fairfax Dr & N Taylor St,Fairfax Dr & N Taylor St,38.88,-77.11,0,1,1,-1,-1.0
name:Florida Ave & R St NW,Florida Ave & R St NW,38.91,-77.01,0,1,1,-1,-1.0
name:Georgia & Missouri Ave NW,Georgia & Missouri Ave NW,38.96,-77.03,0,1,1,-1,-1.0
name:Kenmore Ave & Seminary Rd,Kenmore Ave & Seminary Rd,38.83,-77.11,0,1,1,-1,-1.0
name:Kennedy Center,Kennedy Center,38.9,-77.06,0,1,1,-1,-1.0
name:King Greenleaf Rec Center,King Greenleaf Rec Center,38.88,-77.01,0,1,1,-1,-1.0
name:King St Metro South,King St Metro South,38.81,-77.06,0,1,1,-1,-1.0
name:Langston Blvd & N Adams St,Langston Blvd & N Adams St,38.9,-77.09,0,1,1,-1,-1.0
name:Langston Blvd & N Monroe St,Langston Blvd & N Monroe St,38.9,-77.1,0,1,1,-1,-1.0
name:Market Square / King St & Royal St,Market Square / King St & Royal St,38.8,-77.04,0,1,1,-1,-1.0
name:McLean Metro,McLean Metro,38.92,-77.21,0,1,1,-1,-1.0
name:Montgomery Ave & Waverly St,Montgomery Ave & Waverly St ,38.98,-77.09,0,1,1,-1,-1.0
name:New Jersey Ave & R St NW,New Jersey Ave & R St NW,38.91,-77.02,0,1,1,-1,-1.0
name:New Mexico & Cathedral Ave NW,New Mexico & Cathedral Ave NW,38.93,-77.08,0,1,1,-1,-1.0
name:Norfolk Ave & Fairmont St,Norfolk Ave & Fairmont St,38.99,-77.1,0,1,1,-1,-1.0
name:North Capitol & K St NE,North Capitol & K St NE,38.9,-77.01,0,1,1,-1,-1.0
name:Northwestern High School,Northwestern High School,38.98,-76.95,0,1,1,-1,-1.0
name:Oklahoma Ave & Benning Rd NE,Oklahoma Ave & Benning Rd NE,38.9,-76.97,0,1,1,-1,-1.0
name:Pennsylvania & Minnesota Ave SE,Pennsylvania & Minnesota Ave SE,38.87,-76.97,0,1,1,-1,-1.0
name:Potomac Ave & 35th St S,Potomac Ave & 35th St S,38.84,-77.05,0,1,1,-1,-1.0
name:Radford & Osage St,Radford & Osage St,38.83,-77.09,0,1,1,-1,-1.0
name:Reservoir Rd & 38th St NW,Reservoir Rd & 38th St NW,38.91,-77.07,0,1,1,-1,-1.0
name:Rhode Island & Montana Ave NE,Rhode Island & Montana Ave NE,38.92,-76.99,0,1,1,-1,-1.0
name:Rhode Island Ave Metro,Rhode Island Ave Metro,38.92,-77.0,0,1,1,-1,-1.0
name:River Rd & Landy Ln,River Rd & Landy Ln,38.96,-77.1,0,1,1,-1,-1.0
name:S Four Mile Run Dr & Shirlington Rd,S Four Mile Run Dr & Shirlington Rd,38.84,-77.09,0,1,1,-1,-1.0
name:Silver Spring Metro / Colesville Rd & Wayne Ave,Silver Spring Metro / Colesville Rd & Wayne Ave,39.0,-77.03,0,1,1,-1,-1.0
name:St Asaph & Pendleton St,St Asaph & Pendleton St,38.81,-77.04,0,1,1,-1,-1.0
name:W&OD Trail & Explorer St/Reston Bus Station,W&OD Trail & Explorer St/Reston Bus Station,38.96,-77.36,0,1,1,-1,-1.0
name:Washington Blvd & N Frederick St,Washington Blvd & N Frederick St,38.88,-77.13,0,1,1,-1,-1.0
name:West Falls Church Metro,West Falls Church Metro,38.9,-77.19,0,1,1,-1,-1.0
name:Wilson Blvd & N Quinn St,Wilson Blvd & N Quinn St,38.89,-77.08,0,1,1,-1,-1.0
name:Wilson Blvd & N Troy St,Wilson Blvd & N Troy St,38.89,-77.08,0,1,1,-1,-1.0
name:Wilson Blvd & N Uhle St,Wilson Blvd & N Uhle St,38.89,-77.08,0,1,1,-1,-1.0
name:Wisconsin Ave & Rodman St NW,Wisconsin Ave & Rodman St NW,38.94,-77.08,0,1,1,-1,-1.0
name:Wisconsin Ave & Upton St NW,Wisconsin Ave & Upton St NW,38.94,-77.08,0,1,1,-1,-1.0
31111,10th & U St NW,38.9172,-77.0259,10484,10486,20970,-2,-9.537434430138292e-05
31721,Anacostia Ave & East Capitol St NE,38.890461,-76.96128,1560,1562,3122,-2,-0.0006406149903907751
31078,Arlington Blvd & S George Mason Dr,38.869442,-77.104503,1512,1514,3026,-2,-0.0006609385327164573
32044,Rockville Metro East,39.085394,-77.145803,224,226,450,-2,-0.0044444444444444444
31814,Mississippi Ave & 19th St SE / THEARC,38.84377,-76.97557,129,131,260,-2,-0.007692307692307693
33203,Howard Rd & Suitland Pkwy SE,38.865149,-77.001045,82,84,166,-2,-0.012048192771084338
32087,White Oak Rec Center,39.0461435,-76.9757228,48,50,98,-2,-0.02040816326530612
32091,Stewart Ln & Old Columbia Pike,39.0456521,-76.9854381,43,45,88,-2,-0.022727272727272728
32093,White Oak Transit Center,39.04104,-76.987125,36,38,74,-2,-0.02702702702702703
32249,Green Range Dr and Glade Dr,38.93714618600706,-77.36786842346191,1,3,4,-2,-0.5
name:10th & H St NE,10th & H St NE,38.9,-76.99,0,2,2,-2,-1.0
name:11th & V St NW,11th & V St NW,38.92,-77.03,0,2,2,-2,-1.0
name:12th & Newton St NE,12th & Newton St NE,38.93,-76.99,0,2,2,-2,-1.0
name:12th St & Pennsylvania Ave SE,12th St & Pennsylvania Ave SE,38.88,-76.99,0,2,2,-2,-1.0
name:14th & D St SE,14th & D St SE,38.88,-76.99,0,2,2,-2,-1.0
name:14th & Harvard St NW,14th & Harvard St NW,38.93,-77.03,0,2,2,-2,-1.0
name:15th St & N Scott St,15th St & N Scott St,38.89,-77.08,0,2,2,-2,-1.0
name:17th & K St NW,17th & K St NW,38.9,-77.04,0,2,2,-2,-1.0
name:18th St & Pennsylvania Ave NW,18th St & Pennsylvania Ave NW,38.9,-77.04,0,2,2,-2,-1.0
name:19th & E Street NW,19th & E Street NW,38.9,-77.04,0,2,2,-2,-1.0
name:1st & D St SE,1st & D St SE,38.88,-77.01,0,2,2,-2,-1.0
name:20th St & Virginia Ave NW,20th St & Virginia Ave NW,38.89,-77.05,0,2,2,-2,-1.0
name:22nd & P ST NW,22nd & P ST NW,38.91,-77.05,0,2,2,-2,-1.0
name:2nd & G St NE,2nd & G St NE,38.9,-77.0,0,2,2,-2,-1.0
name:3rd & N St NE,3rd & N St NE,38.91,-77.0,0,2,2,-2,-1.0
name:48th Pl & MacArthur Blvd NW,48th Pl & MacArthur Blvd NW,38.92,-77.1,0,2,2,-2,-1.0
name:4th & College St NW,4th & College St NW,38.92,-77.02,0,2,2,-2,-1.0
name:8th & O St NW,8th & O St NW,38.91,-77.02,0,2,2,-2,-1.0
name:9th & G St NW,9th & G St NW,38.9,-77.02,0,2,2,-2,-1.0
name:9th & Upshur St NW,9th & Upshur St NW,38.94,-77.03,0,2,2,-2,-1.0
name:Ballston Metro / Stuart St & 9th St N,Ballston Metro / Stuart St & 9th St N,38.88,-77.11,0,2,2,-2,-1.0
name:Columbia Pike & S George Mason Dr,Columbia Pike & S George Mason Dr,38.86,-77.1,0,2,2,-2,-1.0
name:Columbia Pike & S Highland St,Columbia Pike & S Highland St,38.86,-77.09,0,2,2,-2,-1.0
name:Columbia Rd & Georgia Ave NW,Columbia Rd & Georgia Ave NW,38.93,-77.02,0,2,2,-2,-1.0
name:Fenton St & New York Ave,Fenton St & New York Ave ,38.99,-77.02,0,2,2,-2,-1.0
name:Franklin St & S Washington St,Franklin St & S Washington St,38.8,-77.05,0,2,2,-2,-1.0
name:Friendship Blvd & Willard Ave,Friendship Blvd & Willard Ave,38.96,-77.09,0,2,2,-2,-1.0
name:Georgia & New Hampshire Ave NW,Georgia & New Hampshire Ave NW,38.94,-77.02,0,2,2,-2,-1.0
name:Half & I St SW,Half & I St SW ,38.88,-77.01,0,2,2,-2,-1.0
name:Henry Bacon Dr & Lincoln Memorial Circle NW,Henry Bacon Dr & Lincoln Memorial Circle NW,38.89,-77.05,0,2,2,-2,-1.0
name:John McCormack Rd NE,John McCormack Rd NE,38.94,-77.0,0,2,2,-2,-1.0
name:Kenilworth Terr & Hayes St. NE,Kenilworth Terr & Hayes St. NE,38.9,-76.95,0,2,2,-2,-1.0
name:King St & Patrick St,King St & Patrick St,38.81,-77.05,0,2,2,-2,-1.0
name:Maryland Ave & 17th St NE,Maryland Ave & 17th St NE,38.9,-76.98,0,2,2,-2,-1.0
name:Mt Vernon Trail & S. Washington St.,Mt Vernon Trail & S. Washington St.,38.79,-77.05,0,2,2,-2,-1.0
name:N Pitt St & Montgomery St,N Pitt St & Montgomery St,38.81,-77.04,0,2,2,-2,-1.0
name:New Hampshire Ave & East-West Hwy,New Hampshire Ave & East-West Hwy,38.97,-77.0,0,2,2,-2,-1.0
name:New Hampshire Ave & Ward Pl NW,New Hampshire Ave & Ward Pl NW,38.91,-77.05,0,2,2,-2,-1.0
name:North Capitol St & G Pl NE,North Capitol St & G Pl NE,38.9,-77.01,0,2,2,-2,-1.0
name:Pentagon City Metro / 12th St & S Hayes St,Pentagon City Metro / 12th St & S Hayes St,38.86,-77.06,0,2,2,-2,-1.0
name:Prince St & Union St,Prince St & Union St,38.8,-77.04,0,2,2,-2,-1.0
name:Rhode Island & Connecticut Ave NW,Rhode Island & Connecticut Ave NW,38.91,-77.04,0,2,2,-2,-1.0
name:Thomas Jefferson St NW & Water/K St NW,Thomas Jefferson St NW & Water/K St NW,38.9,-77.06,0,2,2,-2,-1.0
name:Van Ness Metro / UDC,Van Ness Metro / UDC,38.94,-77.06,0,2,2,-2,-1.0
name:Wilson Blvd & N Quincy St,Wilson Blvd & N Quincy St,38.88,-77.11,0,2,2,-2,-1.0
name:Wisconsin Ave & K St NW,Wisconsin Ave & K St NW,38.9,-77.06,0,2,2,-2,-1.0
32234,Merrilee Dr & Lauren Elizabeth Lane,38.87857249314831,-77.23076596856116,438,441,879,-3,-0.0034129692832764505
32017,Monroe St & Monroe Pl,39.083673,-77.149162,351,354,705,-3,-0.00425531914893617
32038,King Farm Blvd & Piccard Dr,39.110314,-77.182669,347,350,697,-3,-0.00430416068866571
32320,Reston Cmty Ctr/Hunters Woods Plaza,38.936418545319846,-77.3609955168468,223,226,449,-3,-0.0066815144766146995
32304,Westwood Center Dr & Sheraton Tysons Dr,38.9291290090993,-77.24652310195275,119,122,241,-3,-0.012448132780082987
32901,6035 Warehouse,38.96381,-77.010266,4,7,11,-3,-0.2727272727272727
name:12th St & New York Ave NW,12th St & New York Ave NW,38.9,-77.03,0,3,3,-3,-1.0
name:13th & D St NE,13th & D St NE,38.89,-76.99,0,3,3,-3,-1.0
name:14th & L St NW,14th & L St NW,38.9,-77.03,0,3,3,-3,-1.0
name:14th & Q St NW,14th & Q St NW,38.91,-77.03,0,3,3,-3,-1.0
name:14th St & New York Ave NW,14th St & New York Ave NW,38.9,-77.03,0,3,3,-3,-1.0
name:15th St & New York Ave NW,15th St & New York Ave NW,38.9,-77.03,0,3,3,-3,-1.0
name:18th & Monroe St NE,18th & Monroe St NE,38.93,-76.98,0,3,3,-3,-1.0
name:1st & I St SE,1st & I St SE,38.88,-77.01,0,3,3,-3,-1.0
name:24th & N St NW,24th & N St NW,38.91,-77.05,0,3,3,-3,-1.0
name:4th & G St SW,4th & G St SW,38.88,-77.02,0,3,3,-3,-1.0
name:5th St & Massachusetts Ave NW,5th St & Massachusetts Ave NW,38.9,-77.02,0,3,3,-3,-1.0
name:6th St & Indiana Ave NW,6th St & Indiana Ave NW,38.89,-77.02,0,3,3,-3,-1.0
name:8th & D St NW,8th & D St NW,38.89,-77.02,0,3,3,-3,-1.0
name:8th & East Capitol St NE,8th & East Capitol St NE,38.89,-77.0,0,3,3,-3,-1.0
name:8th & H St NE,8th & H St NE,38.9,-76.99,0,3,3,-3,-1.0
name:California St & Florida Ave NW,California St & Florida Ave NW,38.92,-77.04,0,3,3,-3,-1.0
name:Columbia & Ontario Rd NW,Columbia & Ontario Rd NW,38.92,-77.04,0,3,3,-3,-1.0
name:Eads St & 12th St S,Eads St & 12th St S,38.86,-77.05,0,3,3,-3,-1.0
name:Georgia Ave & Morton St NW,Georgia Ave & Morton St NW,38.93,-77.02,0,3,3,-3,-1.0
name:Hardy Rec Center,Hardy Rec Center,38.91,-77.09,0,3,3,-3,-1.0
name:Harvard St & Adams Mill Rd NW,Harvard St & Adams Mill Rd NW,38.93,-77.04,0,3,3,-3,-1.0
name:Kansas Ave & Sherman Cr NW,Kansas Ave & Sherman Cr NW,38.95,-77.02,0,3,3,-3,-1.0
name:Lamont & Mt Pleasant NW,Lamont & Mt Pleasant NW,38.93,-77.04,0,3,3,-3,-1.0
name:N Lynn St & Fairfax Dr,N Lynn St & Fairfax Dr,38.89,-77.07,0,3,3,-3,-1.0
name:North Capitol & Douglas St NW / Reservoir Park Rec,North Capitol & Douglas St NW / Reservoir Park Rec ,38.92,-77.01,0,3,3,-3,-1.0
name:North Capitol St & F St NW,North Capitol St & F St NW,38.9,-77.01,0,3,3,-3,-1.0
name:Virginia Square Metro / Monroe St & 9th St N,Virginia Square Metro / Monroe St & 9th St N,38.88,-77.1,0,3,3,-3,-1.0
name:WAU / Flower Ave & Division St,WAU / Flower Ave & Division St,38.99,-77.0,0,3,3,-3,-1.0
31010,S Glebe Rd & Potomac Ave,38.8426,-77.0502,2259,2263,4522,-4,-0.0008845643520566122
31385,Old Meadow Rd & Old Meadow Ln,38.91898809004121,-77.21245960976546,218,222,440,-4,-0.00909090909090909
32255,Hartland Rd & Harte Pl,38.878601,-77.222808,156,160,316,-4,-0.012658227848101266
32277,Layton Hall Dr & University Dr,38.850932,-77.302732,108,112,220,-4,-0.01818181818181818
31989,Eisenhower Ave & Warburton St,38.803328,-77.119496,100,104,204,-4,-0.0196078431372549
31723,Ridge Rd & Southern Ave SE,38.872976,-76.935246,90,94,184,-4,-0.021739130434782608
31823,United Medical Center,38.835737,-76.983144,22,26,48,-4,-0.08333333333333333
name:11th & O St NW,11th & O St NW,38.91,-77.03,0,4,4,-4,-1.0
name:14th & V St NW,14th & V St NW,38.92,-77.03,0,4,4,-4,-1.0
name:17th & Upshur St NW,17th & Upshur St NW,38.94,-77.04,0,4,4,-4,-1.0
name:23rd & M St NW,23rd & M St NW,38.91,-77.05,0,4,4,-4,-1.0
name:9th & Ingraham St NW,9th & Ingraham St NW,38.95,-77.03,0,4,4,-4,-1.0
name:9th St & Pennsylvania Ave NW,9th St & Pennsylvania Ave NW,38.89,-77.02,0,4,4,-4,-1.0
name:Adams Mill & Columbia Rd NW,Adams Mill & Columbia Rd NW,38.92,-77.04,0,4,4,-4,-1.0
name:Arlington National Cemetery,Arlington National Cemetery,38.88,-77.07,0,4,4,-4,-1.0
name:Fort Totten Metro,Fort Totten Metro,38.95,-77.0,0,4,4,-4,-1.0
name:MBT & Bryant St NE,MBT & Bryant St NE,38.92,-77.0,0,4,4,-4,-1.0
name:New Jersey Ave & H St SE,New Jersey Ave & H St SE,38.88,-77.01,0,4,4,-4,-1.0
name:New Jersey Ave & N St NW/Dunbar HS,New Jersey Ave & N St NW/Dunbar HS,38.91,-77.02,0,4,4,-4,-1.0
name:Potomac Ave & 8th St SE,Potomac Ave & 8th St SE,38.88,-76.99,0,4,4,-4,-1.0
name:Wisconsin Ave & O St NW,Wisconsin Ave & O St NW,38.91,-77.06,0,4,4,-4,-1.0
31631,8th & F St NE,38.897274,-76.994749,13370,13375,26745,-5,-0.0001869508319312021
31047,Braddock Rd Metro North,38.814577,-77.052808,1309,1314,2623,-5,-0.0019062142584826535
32032,Fleet St & Ritchie Pkwy,39.076331,-77.141378,270,275,545,-5,-0.009174311926605505
32066,Windham Ln & Amherst Ave,39.032029,-77.04735,224,229,453,-5,-0.011037527593818985
31380,Sunrise Valley Dr & Roland Clarke Pl,38.949366,-77.350396,219,224,443,-5,-0.011286681715575621
31671,53rd & D St SE/C.W. Harris Elementary,38.883318,-76.925315,166,171,337,-5,-0.01483679525222552
32209,North Shore & Cameron Crescent Dr/Crescent Apartments,38.970046,-77.338686,90,95,185,-5,-0.02702702702702703
32088,Briggs Chaney Park & Ride,39.0778751,-76.9418666,72,77,149,-5,-0.03355704697986577
name:10th & K St NW,10th & K St NW,38.9,-77.03,0,5,5,-5,-1.0
name:14th & G St NW,14th & G St NW,38.9,-77.03,0,5,5,-5,-1.0
name:16th & R St NW,16th & R St NW,38.91,-77.04,0,5,5,-5,-1.0
name:18th & R St NW,18th & R St NW,38.91,-77.04,0,5,5,-5,-1.0
name:20th St & Florida Ave NW,20th St & Florida Ave NW,38.92,-77.04,0,5,5,-5,-1.0
name:22nd St & Constitution Ave NW,22nd St & Constitution Ave NW,38.89,-77.05,0,5,5,-5,-1.0
name:36th & Calvert St NW / Glover Park,36th & Calvert St NW / Glover Park,38.92,-77.07,0,5,5,-5,-1.0
name:3rd St & Riggs Rd NE,3rd St & Riggs Rd NE,38.96,-77.0,0,5,5,-5,-1.0
name:4th & C St SW,4th & C St SW,38.89,-77.02,0,5,5,-5,-1.0
name:4th & E St SW,4th & E St SW,38.88,-77.02,0,5,5,-5,-1.0
name:Georgia Ave & Fairmont St NW,Georgia Ave & Fairmont St NW,38.92,-77.02,0,5,5,-5,-1.0
name:Lincoln Memorial,Lincoln Memorial,38.89,-77.05,0,5,5,-5,-1.0
name:Rosedale Rec Center,Rosedale Rec Center,38.9,-76.98,0,5,5,-5,-1.0
name:Smithsonian-National Mall / Jefferson Dr & 12th St SW,Smithsonian-National Mall / Jefferson Dr & 12th St SW,38.89,-77.03,0,5,5,-5,-1.0
31969,Braddock Rd Metro South,38.813474,-77.053734,4815,4821,9636,-6,-0.0006226650062266501
31414,Georgia Ave & Piney Branch Rd NW,38.96751368,-77.027977467,1750,1756,3506,-6,-0.0017113519680547634
32022,Dennis Ave & Amherst Ave,39.02538719623632,-77.04456299543381,228,234,462,-6,-0.012987012987012988
32271,Madron Ln & Bermudez Ct,38.904415,-77.221807,211,217,428,-6,-0.014018691588785047
32023,Montgomery College / W Campus Dr & Mannakee St,39.095661,-77.159048,193,199,392,-6,-0.015306122448979591
32425,Crescent Rd & Ridge Rd,39.006191,-76.891247,141,147,288,-6,-0.020833333333333332
32409,Southern Ave Metro,38.840107,-76.9753,125,131,256,-6,-0.0234375
32256,North Village and Park Garden,38.983199,-77.341823,8,14,22,-6,-0.2727272727272727
name:15th & East Capitol St NE,15th & East Capitol St NE,38.89,-76.98,0,6,6,-6,-1.0
name:34th & Water St NW,34th & Water St NW,38.9,-77.07,0,6,6,-6,-1.0
name:3rd & H St NE,3rd & H St NE,38.9,-77.0,0,6,6,-6,-1.0
name:3rd & H St NW,3rd & H St NW,38.9,-77.02,0,6,6,-6,-1.0
name:7th & Monroe St NE,7th & Monroe St NE,38.93,-77.0,0,6,6,-6,-1.0
name:Connecticut Ave & R St NW,Connecticut Ave & R St NW,38.91,-77.05,0,6,6,-6,-1.0
name:D St & Maryland Ave NE,D St & Maryland Ave NE,38.89,-77.0,0,6,6,-6,-1.0
name:New Hampshire Ave & T St NW,New Hampshire Ave & T St NW,38.92,-77.04,0,6,6,-6,-1.0
name:Park Rd & Holmead Pl NW,Park Rd & Holmead Pl NW,38.93,-77.03,0,6,6,-6,-1.0
name:Potomac & Pennsylvania Ave SE,Potomac & Pennsylvania Ave SE,38.88,-76.99,0,6,6,-6,-1.0
name:Wilson Blvd & N Oak St,Wilson Blvd & N Oak St,38.9,-77.07,0,6,6,-6,-1.0
name:Wisconsin Ave & Newark St NW,Wisconsin Ave & Newark St NW,38.93,-77.07,0,6,6,-6,-1.0
32005,Traville Gateway Dr & Gudelsky Dr,39.093783,-77.202501,122,129,251,-7,-0.027888446215139442
32283,South St & University Dr,38.844249,-77.305336,90,97,187,-7,-0.0374331550802139
32244,Vantage Hill Rd & Wainwright Dr,38.9667,-77.348487,28,35,63,-7,-0.1111111111111111
name:10th & G St NW,10th & G St NW,38.9,-77.03,0,7,7,-7,-1.0
name:10th & U St NW,10th & U St NW,38.92,-77.03,0,7,7,-7,-1.0
name:16th & K St NW/BLM Plaza,16th & K St NW/BLM Plaza,38.9,-77.04,0,7,7,-7,-1.0
name:18th & L St NW,18th & L St NW,38.9,-77.04,0,7,7,-7,-1.0
name:18th & New Hampshire Ave NW,18th & New Hampshire Ave NW,38.91,-77.04,0,7,7,-7,-1.0
name:1st & K St NE,1st & K St NE,38.9,-77.01,0,7,7,-7,-1.0
name:21st St & Pennsylvania Ave NW,21st St & Pennsylvania Ave NW,38.9,-77.05,0,7,7,-7,-1.0
name:9th & N St NW,9th & N St NW ,38.91,-77.02,0,7,7,-7,-1.0
name:Wilson Blvd & Ft Myer Dr,Wilson Blvd & Ft Myer Dr,38.89,-77.07,0,7,7,-7,-1.0
31130,7th & S St NW,38.914173639930105,-77.02159523963928,13330,13338,26668,-8,-0.0002999850007499625
31095,Army Navy Dr & S Nash St,38.86215024521491,-77.06812083721161,553,561,1114,-8,-0.00718132854578097
32426,Greenbelt Station Parkway,39.002459,-76.916243,551,559,1110,-8,-0.007207207207207207
32203,Tysons Metro South,38.919475,-77.221179,452,460,912,-8,-0.008771929824561403
32251,Lake Newport Rd and Autumn Ridge Cir,38.97850255151454,-77.35345423221588,258,266,524,-8,-0.015267175572519083
31961,Fillmore & Bisdorf,38.83863,-77.116206,209,217,426,-8,-0.018779342723004695
31329,White House,38.89550865931313,-77.03792452812195,115,123,238,-8,-0.03361344537815126
32092,Castle Blvd & Castle Ln,39.085314,-76.940547,108,116,224,-8,-0.03571428571428571
31807,Pleasant St & MLK Ave SE,38.863897,-76.990037,59,67,126,-8,-0.06349206349206349
name:13th St & New York Ave NW,13th St & New York Ave NW,38.9,-77.03,0,8,8,-8,-1.0
name:14th & D St NW / John A Wilson Building,14th & D St NW / John A Wilson Building,38.89,-77.03,0,8,8,-8,-1.0
name:15th & Euclid St NW,15th & Euclid St NW,38.92,-77.04,0,8,8,-8,-1.0
name:15th & L St NW,15th & L St NW,38.9,-77.03,0,8,8,-8,-1.0
name:17th & Corcoran St NW,17th & Corcoran St NW,38.91,-77.04,0,8,8,-8,-1.0
name:3rd & Elm St NW,3rd & Elm St NW,38.92,-77.02,0,8,8,-8,-1.0
name:4th & East Capitol St NE,4th & East Capitol St NE,38.89,-77.0,0,8,8,-8,-1.0
name:4th & Florida Ave NE,4th & Florida Ave NE,38.91,-77.0,0,8,8,-8,-1.0
name:7th & S St NW,7th & S St NW,38.91,-77.02,0,8,8,-8,-1.0
name:Independence Ave & L'Enfant Plaza SW/DOE,Independence Ave & L'Enfant Plaza SW/DOE,38.89,-77.03,0,8,8,-8,-1.0
name:New York Ave & Hecht Ave NE,New York Ave & Hecht Ave NE,38.92,-76.98,0,8,8,-8,-1.0
31927,Wheeler Ave & S. Floyd St.,38.808161,-77.100796,409,418,827,-9,-0.010882708585247884
31932,Van Dorn Metro,38.8000766,-77.1299434,375,384,759,-9,-0.011857707509881422
32405,Largo Rd & Campus Way / Prince Georges's Comm Col,38.88994,-76.825535,113,122,235,-9,-0.03829787234042553
name:11th & C St SE,11th & C St SE,38.89,-76.99,0,9,9,-9,-1.0
name:11th & Girard St NW,11th & Girard St NW,38.93,-77.03,0,9,9,-9,-1.0
name:15th & M St NW,15th & M St NW,38.91,-77.03,0,9,9,-9,-1.0
name:17th & K St NW / Farragut Square,17th & K St NW / Farragut Square,38.9,-77.04,0,9,9,-9,-1.0
name:17th St & Rhode Island Ave NW,17th St & Rhode Island Ave NW,38.91,-77.04,0,9,9,-9,-1.0
name:1st & Rhode Island Ave NW,1st & Rhode Island Ave NW,38.92,-77.01,0,9,9,-9,-1.0
name:8th & Eye St SE / Barracks Row,8th & Eye St SE / Barracks Row,38.88,-77.0,0,9,9,-9,-1.0
31944,S Clark St & 33rd St,38.845028,-77.051956,1315,1325,2640,-10,-0.003787878787878788
31901,Washington Blvd & N Frederick St,38.884829,-77.127671,361,371,732,-10,-0.01366120218579235
32079,Executive Blvd & E Jefferson St,39.04873,-77.1257,292,302,594,-10,-0.016835016835016835
32280,University Dr & Democracy Ln,38.849411,-77.304435,146,156,302,-10,-0.033112582781456956
32350,N Shore Dr & Washington Plaza/Lake Anne,38.969515,-77.342038,25,35,60,-10,-0.16666666666666666
name:1st & N St SE,1st & N St SE,38.88,-77.01,0,10,10,-10,-1.0
name:5th & K St NW,5th & K St NW,38.9,-77.02,0,10,10,-10,-1.0
name:Clarendon Metro / Wilson Blvd & N Highland St,Clarendon Metro / Wilson Blvd & N Highland St,38.89,-77.1,0,10,10,-10,-1.0
32403,Baltimore Ave & Jefferson St,38.95548,-76.940133,1739,1750,3489,-11,-0.0031527658354829464
32600,Founders Row/W Broad St & West St,38.8901554,-77.183178,1082,1093,2175,-11,-0.005057471264367816
32213,W&OD Trail/Sunset Hills Rd & Old Reston Ave,38.955079,-77.351649,392,403,795,-11,-0.013836477987421384
31539,South Dakota Ave & 33rd St NE,38.921986,-76.960696,295,306,601,-11,-0.018302828618968387
32228,Reston Station Blvd & Sunset Hills Rd,38.946735,-77.331008,218,229,447,-11,-0.024608501118568233
32306,Woodland Park Rd & Cooperative Way,38.95428072844162,-77.40284681732892,123,134,257,-11,-0.042801556420233464
31714,61st St & Banks Pl NE,38.891805,-76.913563,113,124,237,-11,-0.046413502109704644
32307,McNair Farms Dr & Thomas Jefferson Dr,38.94856286,-77.408737063,85,96,181,-11,-0.06077348066298342
name:11th & Kenyon St NW,11th & Kenyon St NW,38.93,-77.03,0,11,11,-11,-1.0
name:14th St & Rhode Island Ave NW,14th St & Rhode Island Ave NW,38.91,-77.03,0,11,11,-11,-1.0
name:20th & Q St NW,20th & Q St NW,38.91,-77.05,0,11,11,-11,-1.0
name:23rd & E St NW,23rd & E St NW ,38.9,-77.05,0,11,11,-11,-1.0
name:Maine Ave & 9th St SW,Maine Ave & 9th St SW,38.88,-77.03,0,11,11,-11,-1.0
name:Maryland Ave & E St NE,Maryland Ave & E St NE,38.9,-76.99,0,11,11,-11,-1.0
name:Metro Center / 12th & G St NW,Metro Center / 12th & G St NW,38.9,-77.03,0,11,11,-11,-1.0
32288,Seatrend Way & Topsails Ln,38.775639,-77.160014,282,294,576,-12,-0.020833333333333332
32278,Blenheim Blvd & North St,38.846972,-77.303349,278,290,568,-12,-0.02112676056338028
31706,Fairfax Village,38.86559,-76.952103,274,286,560,-12,-0.02142857142857143
31713,Division Ave & Foote St NE,38.897407,-76.925907,120,132,252,-12,-0.047619047619047616
32428,Walker Mill Road/ Walker Mill Regional Park ,38.875772,-76.868767,118,130,248,-12,-0.04838709677419355
name:8th & H St NW,8th & H St NW,38.9,-77.02,0,12,12,-12,-1.0
name:Calvert St & Woodley Pl NW,Calvert St & Woodley Pl NW,38.92,-77.05,0,12,12,-12,-1.0
31071,Eads St & 12th St S,38.862841,-77.054277,8575,8588,17163,-13,-0.0007574433374118744
31000,Eads St & 15th St S,38.859751,-77.053235,5167,5180,10347,-13,-0.001256402822074031
31971,S Wayne St and 9th St S,38.864694,-77.082491,985,998,1983,-13,-0.006555723651033787
31046,Henry St & Pendleton St,38.811456,-77.050276,762,775,1537,-13,-0.008458035133376708
31830,South Capitol St and Southern Ave SE,38.821563,-77.001095,326,339,665,-13,-0.019548872180451128
31954,S Jordan St & Venable St,38.811361,-77.109975,234,247,481,-13,-0.02702702702702703
name:22nd & H St NW,22nd & H St NW,38.9,-77.05,0,13,13,-13,-1.0
31817,1st & S Capitol St SE / Oxon Run Trail,38.824481,-77.005497,428,442,870,-14,-0.016091954022988506
32290,Charles Arrington Dr & Manchester Lakes Dr ,38.766844,-77.150359,256,270,526,-14,-0.026615969581749048
31819,Joliet St & MLK Ave SW/Bald Eagle Rec Ctr,38.81909,-77.01033,59,73,132,-14,-0.10606060606060606
name:1st & M St SE,1st & M St SE,38.88,-77.01,0,14,14,-14,-1.0
name:Potomac & M St NW,Potomac & M St NW,38.91,-77.07,0,14,14,-14,-1.0
name:Washington & Independence Ave SW/HHS,Washington & Independence Ave SW/HHS,38.89,-77.01,0,14,14,-14,-1.0
31205,21st & I St NW,38.90071062547463,-77.04644858837128,18129,18144,36273,-15,-0.0004135307253328922
31332,11th & V St NW,38.918199,-77.027171,12161,12176,24337,-15,-0.0006163454821876156
31537,Fort Lincoln Dr & 33rd Pl NE,38.9216413,-76.9556866,511,526,1037,-15,-0.01446480231436837
32401,Largo Town Center Metro,38.899811,-76.844604,336,351,687,-15,-0.021834061135371178
33201,Kansas Ave & Blair Rd NW,38.962406397,-77.010475993,291,306,597,-15,-0.02512562814070352
32322,Monroe St & E Park Dr ,38.950009,-77.389696,236,251,487,-15,-0.030800821355236138
32264,Pimmit Dr & Idyl Ln,38.897692,-77.207261,208,223,431,-15,-0.03480278422273782
32321,Herndon Metro South ,38.95200070015967,-77.38455697243313,189,204,393,-15,-0.03816793893129771
31383,N Shore Dr & Bandit Loop,38.95937,-77.331794,153,168,321,-15,-0.04672897196261682
32084,Wheaton Library & Community Rec Center,39.0473228,-77.0510969,245,261,506,-16,-0.03162055335968379
name:11th & M St NW,11th & M St NW,38.91,-77.03,0,16,16,-16,-1.0
name:11th & Park Rd NW,11th & Park Rd NW,38.93,-77.03,0,16,16,-16,-1.0
name:12th & L St NW,12th & L St NW,38.9,-77.03,0,16,16,-16,-1.0
name:15th & K St NW,15th & K St NW,38.9,-77.03,0,16,16,-16,-1.0
name:New Jersey Ave & F St NW,New Jersey Ave & F St NW,38.9,-77.01,0,16,16,-16,-1.0
32423,National Harbor Carousel,38.7859,-77.0167,2284,2301,4585,-17,-0.003707742639040349
32419,Capitol Heights Metro,38.888524,-76.913188,381,398,779,-17,-0.021822849807445442
31715,37th & Ely Pl SE,38.883132,-76.950009,215,232,447,-17,-0.03803131991051454
name:18th & M St NW,18th & M St NW,38.91,-77.04,0,17,17,-17,-1.0
name:19th & I St NW,19th & I St NW,38.9,-77.04,0,17,17,-17,-1.0
31716,Kingman Island/The Fields at RFK,38.89595455700754,-76.9678448436025,1633,1651,3284,-18,-0.0054811205846528625
31708,Anacostia Ave & Benning Rd NE / River Terrace ,38.896544,-76.96012,1339,1357,2696,-18,-0.0066765578635014835
31427,Kansas Ave & Tuckerman St NW / Lamond Rec ,38.96754384,-77.006940246,360,378,738,-18,-0.024390243902439025
32259,N Shore Dr & Wainwright Dr,38.963782,-77.349764,187,205,392,-18,-0.04591836734693878
name:14th & Otis Pl NW,14th & Otis Pl NW,38.93,-77.03,0,18,18,-18,-1.0
name:20th St & Columbia Rd NW,20th St & Columbia Rd NW,38.92,-77.05,0,18,18,-18,-1.0
name:4th & M St SE,4th & M St SE,38.88,-77.0,0,18,18,-18,-1.0
name:Thomas Circle,Thomas Circle,38.91,-77.03,0,18,18,-18,-1.0
31926,Wilson Blvd & N Vermont St,38.87947660895433,-77.11456328630447,1987,2006,3993,-19,-0.004758327072376659
32057,Pooks Hill Rd & Linden Ave,39.014716,-77.107143,725,744,1469,-19,-0.012933968686181076
32603,Pennsylvania Ave & Park Ave,38.887403,-77.176992,649,668,1317,-19,-0.01442672741078208
32295,GMU/Horizon Hall & Harris Theater,38.831211,-77.308069,532,551,1083,-19,-0.017543859649122806
31930,Eisenhower Ave & Ike Dr,38.802738,-77.0824626,523,542,1065,-19,-0.01784037558685446
32324, Scotts Crossing Rd & Spring Gate Dr,38.9270176,-77.2110936,263,282,545,-19,-0.03486238532110092
31072,31st St & S Woodrow St,38.8378458,-77.0934784,220,239,459,-19,-0.04139433551198257
32275,Fairfax Blvd & Pickett Rd South,38.86476,-77.271483,138,157,295,-19,-0.06440677966101695
31381,Westbranch Dr & Maitland St,38.927943,-77.220829,125,144,269,-19,-0.07063197026022305
31815,19th & Savannah St SE,38.84623,-76.97703,93,112,205,-19,-0.09268292682926829
32085,The Shoppes @ Burnt Mills,39.0313141,-77.0041217,80,99,179,-19,-0.10614525139664804
name:1st & M St NE,1st & M St NE,38.91,-77.01,0,19,19,-19,-1.0
32043,Veterans Pl & Pershing Dr ,38.997445,-77.023894,488,508,996,-20,-0.020080321285140562
32252,Ridge Heights and Owl Cove Ln,38.933923,-77.331653,85,105,190,-20,-0.10526315789473684
name:7th & K St NW,7th & K St NW,38.9,-77.02,0,20,20,-20,-1.0
31983,Virginia Tech / University Dr & Potomac Ave,38.838844754411575,-77.04851649200613,946,967,1913,-21,-0.01097752221641401
31701,Branch & Pennsylvania Ave SE,38.8692,-76.9599,503,524,1027,-21,-0.02044790652385589
31987,Reading Ave & Merton Ct,38.830352,-77.126081,164,185,349,-21,-0.06017191977077364
31288,4th St & Madison Dr NW,38.8904955,-77.0172465,24513,24535,49048,-22,-0.00044854020551296687
31938,23rd St S & Hayes St,38.853002,-77.059496,1784,1806,3590,-22,-0.006128133704735376
31070,Arlington Blvd & Fillmore St,38.873755,-77.089233,1154,1176,2330,-22,-0.00944206008583691
31803,14th St & Marion Barry Ave SE,38.866611,-76.985238,994,1016,2010,-22,-0.010945273631840797
32210,Town Center Pkwy & Bowman Towne Dr,38.962524,-77.361902,429,451,880,-22,-0.025
32083,Rockville Pike & Rose Ave,39.051022,-77.115438,370,392,762,-22,-0.028871391076115485
32293,GMU/Patriot Cir & York Dr,38.8275011894995,-77.30415743360248,272,294,566,-22,-0.038869257950530034
31704,Nannie Helen Burroughs & Minnesota Ave NE,38.901385,-76.941877,233,255,488,-22,-0.045081967213114756
32315,Huntington Ave & Old Richmond Hwy ,38.79054746400443,-77.06339837647609,137,160,297,-23,-0.07744107744107744
name:American University East Campus,American University East Campus,38.94,-77.09,0,23,23,-23,-1.0
31094,Langston Blvd & N Kirkwood Rd,38.895377,-77.09713,691,715,1406,-24,-0.017069701280227598
31962,King St & W Braddock Rd,38.827674,-77.088985,377,401,778,-24,-0.030848329048843187
31943,N Howard St & Taney Ave,38.815842,-77.110014,226,250,476,-24,-0.05042016806722689
31910,Potomac Ave & Main Line Blvd,38.822738,-77.049265,1880,1905,3785,-25,-0.0066050198150594455
31816,4th St & Mississippi Ave SE,38.836055875,-77.000890136,459,484,943,-25,-0.026511134676564158
32101,Witter Field,38.805524,-77.078791,197,222,419,-25,-0.059665871121718374
name:Grant Circle,Grant Circle,38.94,-77.02,0,25,25,-25,-1.0
31062,Roosevelt Island,38.896553,-77.06714,6674,6700,13374,-26,-0.0019440705847166143
31804,Anacostia Library,38.865784,-76.9784,833,859,1692,-26,-0.015366430260047281
31538,South Dakota Ave & Bladensburg Rd NE,38.9252,-76.964896,449,475,924,-26,-0.02813852813852814
32312,Coppermine Rd & River Birch Rd,38.949380692050696,-77.4160742818795,125,151,276,-26,-0.09420289855072464
name:Columbus Circle / Union Station,Columbus Circle / Union Station,38.9,-77.0,0,26,26,-26,-1.0
32265,Pimmit Dr & Los Pueblos Ln,38.900371,-77.205428,325,352,677,-27,-0.03988183161004431
32206,Jones Branch & Westbranch Dr,38.931911,-77.219261,243,270,513,-27,-0.05263157894736842
name:Woodley Park Metro / Calvert St & Connecticut Ave NW,Woodley Park Metro / Calvert St & Connecticut Ave NW,38.92,-77.05,0,27,27,-27,-1.0
name:14th & Irving St NW,14th & Irving St NW,38.93,-77.03,0,28,28,-28,-1.0
31049,Fairfax Dr & N Taylor St,38.882425,-77.112754,3498,3527,7025,-29,-0.004128113879003558
31009,Crystal Dr & 27th St S,38.848466,-77.051514,2430,2459,4889,-29,-0.005931683370832481
31967,S Reynolds St & Edsall Rd,38.809607,-77.128908,164,193,357,-29,-0.08123249299719888
31387,Kingsbridge Dr & Draper Dr,38.86854470388028,-77.28208337922068,161,190,351,-29,-0.08262108262108261
32281,Fair Woods Pkwy & Fairfax Blvd,38.862804,-77.293922,61,90,151,-29,-0.19205298013245034
31254,15th & K St NW,38.902,-77.03353,9005,9035,18040,-30,-0.0016629711751662971
31206,19th & E Street NW,38.895734,-77.043368,3110,3140,6250,-30,-0.0048
31240,Ohio Dr & West Basin Dr SW / MLK & FDR Memorials,38.88412,-77.04657,6997,7028,14025,-31,-0.002210338680926916
31906,Commonwealth Ave & Oak St,38.812711,-77.061715,619,650,1269,-31,-0.02442868400315209
31066,Columbia Pike & S Orme St,38.867262,-77.072315,608,639,1247,-31,-0.024859663191659984
31396,Dorr Ave & Prosperity Ave,38.879256,-77.233583,343,374,717,-31,-0.043235704323570434
32298,Chain Bridge Rd & Anderson Rd,38.925572,-77.204762,156,187,343,-31,-0.09037900874635568
31054,Wakefield High School,38.847129045742605,-77.1125502884388,873,905,1778,-32,-0.01799775028121485
31921,Westover Library / Washington Blvd & N McKinley Rd,38.886048,-77.142317,729,761,1490,-32,-0.021476510067114093
31389,Route 29 & Circle Woods Dr,38.86911419290566,-77.27153766943553,516,548,1064,-32,-0.03007518796992481
32237,Baron Cameron Ave & North Hampton Ave,38.966344,-77.359341,235,267,502,-32,-0.06374501992031872
32253,Soapstone Dr Convenience Center,38.93051,-77.345874,132,164,296,-32,-0.10810810810810811
32323,N Shore Dr & Charter Oak Ct,38.9590819,-77.3490256,211,244,455,-33,-0.07252747252747253
32602,N Oak St & W Broad St,38.88837,-77.179832,427,461,888,-34,-0.038288288288288286
31972,S Wakefield St & 28th St S,38.84404,-77.098093,724,759,1483,-35,-0.023600809170600135
31398,Tyco Rd & Boyd Pointe Way,38.930767,-77.241436,266,301,567,-35,-0.06172839506172839
31818,Livingston Rd & 3rd St SE,38.82373,-77.00223,182,217,399,-35,-0.08771929824561403
31101,14th & V St NW,38.9177645,-77.032096,37517,37553,75070,-36,-0.00047955241774343946
31012,Clark St & 26th St S,38.850688,-77.05152,2269,2305,4574,-36,-0.007870572802798426
32408,Oglethorpe St & 42nd Ave,38.959361,-76.946361,821,857,1678,-36,-0.021454112038140644
32045,Shady Grove Metro West,39.119765,-77.166093,550,586,1136,-36,-0.03169014084507042
31826,Minnesota Ave & R St SE,38.8693365,-76.978519,445,481,926,-36,-0.038876889848812095
31824,Valley Ave & Wheeler Rd SE,38.83664578175751,-76.99358886515256,125,161,286,-36,-0.1258741258741259
32274,Beech Dr at Draper Dr Park,38.866659,-77.282077,103,139,242,-36,-0.1487603305785124
31915,Powhatan St & Bashford Ln,38.818748,-77.047783,1077,1114,2191,-37,-0.016887266088544045
31811,South Capitol & Atlantic St SW,38.831516,-77.008133,485,523,1008,-38,-0.037698412698412696
31936,Army Navy Dr & Fern St,38.864838,-77.056873,1353,1392,2745,-39,-0.014207650273224045
32604,E Fairfax St & S Washington St,38.880612,-77.171891,507,546,1053,-39,-0.037037037037037035
31705,Benning Branch Library,38.894,-76.947974,484,523,1007,-39,-0.038728897715988087
31525,Trinidad Rec Center,38.906299,-76.983221,3529,3570,7099,-41,-0.005775461332582054
31510,18th St & Rhode Island Ave NE,38.927095,-76.978924,1165,1206,2371,-41,-0.017292281737663433
32605,W Broad St & Little Falls St,38.883601,-77.173438,777,819,1596,-42,-0.02631578947368421
31519,1st & O St NW,38.908643,-77.012365,11293,11336,22629,-43,-0.001900216536302974
32219,Reston YMCA,38.955314,-77.368416,345,388,733,-43,-0.058663028649386086
31677,1st & L St NW,38.903866172,-77.011832237,8465,8509,16974,-44,-0.0025921998350418285
31941,N Hampton Dr & Ford Ave,38.837306,-77.106111,411,455,866,-44,-0.050808314087759814
name:37th & O St NW / Georgetown University,37th & O St NW / Georgetown University,38.91,-77.07,0,44,44,-44,-1.0
33002,3rd & K St NW,38.90241,-77.01533,2382,2427,4809,-45,-0.009357454772301934
32601,Eden Center,38.87380771851765,-77.15284913778305,651,696,1347,-45,-0.0334075723830735
32054,Lyttonsville Rd & Lyttonsville Pl,38.999679,-77.051168,311,356,667,-45,-0.06746626686656672
32422,The Mall at Prince Georges,38.968842,-76.954171,756,802,1558,-46,-0.029525032092426188
31283,14th & L St NW,38.903658,-77.031737,11467,11514,22981,-47,-0.0020451677472694833
32081,Congressional Ln & E Jefferson St,39.06219,-77.129235,471,518,989,-47,-0.047522750252780584
32223,North Shore Dr & Village Rd,38.970412,-77.340787,150,197,347,-47,-0.13544668587896252
name:20th & O St NW / Dupont South,20th & O St NW / Dupont South,38.91,-77.04,0,47,47,-47,-1.0
name:21st & I St NW,21st & I St NW,38.9,-77.05,0,47,47,-47,-1.0
32421,Riverdale Park Town Center,38.962119,-76.935578,1678,1726,3404,-48,-0.01410105757931845
32404,Perry & 35th St,38.936213,-76.960054,759,807,1566,-48,-0.03065134099616858
32269,Jones Branch Dr & Blyton St,38.926973,-77.217376,257,305,562,-48,-0.08540925266903915
31808,W St & Shannon Pl SE,38.865404,-76.990779,830,879,1709,-49,-0.028671737858396724
31959,Main Line Blvd & E Glebe,38.832431,-77.049772,2976,3026,6002,-50,-0.008330556481172943
32268,Arlington Blvd & Allen St,38.8663609,-77.1997883,176,226,402,-50,-0.12437810945273632
31515,Fort Totten Metro,38.952369,-77.002721,7880,7931,15811,-51,-0.0032256024286888875
31912,Mount Vernon Ave & Bruce St,38.84132731,-77.063039422,748,799,1547,-51,-0.03296703296703297
31630,15th & East Capitol St NE,38.889908,-76.983326,7978,8030,16008,-52,-0.003248375812093953
31088,Mount Vernon Ave & Kennedy St,38.833077,-77.059821,1088,1140,2228,-52,-0.02333931777378815
32230,McLean Metro,38.92400207520182,-77.20812678337097,427,479,906,-52,-0.05739514348785872
31086,Mount Vernon Ave & E Del Ray Ave,38.82595,-77.058541,1827,1880,3707,-53,-0.014297275424871863
31315,Connecticut Ave & McKinley St NW,38.96454350924588,-77.07513481378555,1728,1781,3509,-53,-0.015104018238814477
31067,Columbia Pike & S Walter Reed Dr,38.862478,-77.086599,1121,1174,2295,-53,-0.02309368191721133
31075,Rolfe St & 9th St S,38.866471,-77.076131,1623,1677,3300,-54,-0.016363636363636365
31428,Western Ave & Pinehurst Cir NW ,38.975739121,-77.066363335,628,682,1310,-54,-0.04122137404580153
31100,19th St & Pennsylvania Ave NW,38.9003,-77.0429,5421,5476,10897,-55,-0.0050472607139579705
31508,Gallaudet / 8th St & Florida Ave NE,38.90509,-76.9941,3584,3639,7223,-55,-0.007614564585352346
32263,Gatehouse Rd & Telestar Ct,38.868536,-77.225262,196,251,447,-55,-0.12304250559284116
31501,12th & Newton St NE,38.933668,-76.991016,2508,2564,5072,-56,-0.011041009463722398
31984,Four Mile Rd & Milan Dr,38.84296803272703,-77.0689488849726,264,320,584,-56,-0.0958904109589041
31546,South Dakota Ave & Decatur St NE ,38.948307,-76.991829,749,807,1556,-58,-0.037275064267352186
31731,Fort Totten Dr & Crittenden St NE,38.948227,-77.006444,415,473,888,-58,-0.06531531531531531
31831,25th & S St SE ,38.868356,-76.970997,414,472,886,-58,-0.0654627539503386
31953,S Pickett St & Shillings St,38.804486,-77.132334,276,334,610,-58,-0.09508196721311475
32276,Fairfax Blvd & Pickett Rd North,38.865091,-77.271911,139,197,336,-58,-0.17261904761904762
31710,Nannie Helen Burroughs Ave & 49th St NE,38.898536,-76.931862,296,356,652,-60,-0.09202453987730061
31711,Deanwood Rec Center,38.908473,-76.933099,189,249,438,-60,-0.136986301369863
31955,King St & Peyton St,38.806002,-77.055911,1031,1092,2123,-61,-0.0287329251059821
31291,Vermont Ave & I St NW,38.901136451737045,-77.03445106744766,13803,13865,27668,-62,-0.002240855862368079
32418,West Hyattsville Metro,38.955349,-76.968084,2523,2585,5108,-62,-0.012137823022709476
31812,16th & Q St SE / Anacostia HS,38.870695,-76.982359,611,673,1284,-62,-0.048286604361370715
31073,Washington Blvd & Walter Reed Dr ,38.873219,-77.082104,1780,1843,3623,-63,-0.017388904223019596
32412,New Hampshire Ave & East-West Hwy,38.974205,-76.995227,536,600,1136,-64,-0.056338028169014086
31120,10th St & Florida Ave NW,38.920392036,-77.025656819,15371,15436,30807,-65,-0.002109910085370208
31979,Potomac Yard Metro South,38.833437,-77.047846,3089,3155,6244,-66,-0.01057014734144779
31063,S George Mason Dr & S Four Mile Run Dr,38.852248,-77.105022,484,550,1034,-66,-0.06382978723404255
31134,8th & V St NW,38.917716,-77.022684,19012,19079,38091,-67,-0.0017589456827072011
31061,S Kenmore St & 24th St S,38.848454,-77.084918,674,741,1415,-67,-0.04734982332155477
31923,Columbia Pike & S George Mason Dr,38.85930561998234,-77.10201859474182,1033,1102,2135,-69,-0.03231850117096019
31606,Potomac & Pennsylvania Ave SE,38.8803,-76.9862,8926,8996,17922,-70,-0.0039058140832496373
31090,Long Bridge Park / Long Bridge Dr & 6th St S,38.865553,-77.05003,1428,1500,2928,-72,-0.02459016393442623
31003,Crystal Dr & 15th St S,38.861056,-77.049417,4947,5020,9967,-73,-0.007324169760208689
31004,Aurora Hills Cmty Ctr / 18th St & S Hayes St,38.857866,-77.05949,2403,2477,4880,-74,-0.015163934426229509
31052,Potomac Ave & 35th St S,38.844015,-77.050537,1996,2070,4066,-74,-0.01819970486965076
32099,Philadelphia & Maple Ave,38.981251,-77.011208,226,300,526,-74,-0.14068441064638784
31707,Benning Rd & East Capitol St NE / Benning Rd Metro,38.889935,-76.93723,681,756,1437,-75,-0.05219206680584551
31717,Kenilworth Terr & Hayes St. NE,38.90046848783359,-76.9472873210907,558,633,1191,-75,-0.06297229219143577
31726,34th St & Minnesota Ave SE,38.883843,-76.957511,210,285,495,-75,-0.15151515151515152
31336,9th & N St NW ,38.906622,-77.023885,17124,17200,34324,-76,-0.002214194149865983
31949, S Scott St & 13th St S,38.862862,-77.07716,862,938,1800,-76,-0.042222222222222223
31909,Mount Vernon Ave & Four Mile Run Park,38.843422,-77.064016,1145,1222,2367,-77,-0.03253062948880439
31543,24th St & Rhode Island Ave NE,38.93077415308313,-76.97285145521163,757,834,1591,-77,-0.04839723444374607
31945,Columbia Pike & S Greenbrier St,38.854019,-77.118106,742,819,1561,-77,-0.04932735426008968
31702,Randle Circle & Minnesota Ave SE,38.878,-76.9607,316,395,711,-79,-0.1111111111111111
32082,Garland Ave & Walden Rd,39.00048,-77.00077,249,328,577,-79,-0.1369150779896014
31085,Mount Vernon Ave & E Nelson Ave,38.820064,-77.057619,1917,1997,3914,-80,-0.020439448134900357
31127,22nd & H St NW,38.89892546716842,-77.04885238395946,9367,9448,18815,-81,-0.004305075737443529
31703,Minnesota Ave Metro/DOES,38.897063,-76.947446,520,601,1121,-81,-0.07225691347011597
31951,8th Rd & S Frederick St,38.857049,-77.116339,1014,1096,2110,-82,-0.03886255924170616
32427,40th Ave & Bladensburg Rd,38.935388,-76.949287,503,585,1088,-82,-0.07536764705882353
32061,New Hampshire & Kirklynn Ave,38.988101,-76.988422,287,370,657,-83,-0.1263318112633181
32262,District Ave & Strawberry Ln/Mosaic Market Garage,38.872642,-77.230632,744,831,1575,-87,-0.05523809523809524
31007,Crystal City Metro / 18th St & S Bell St,38.85778509815245,-77.05169767141342,6528,6616,13144,-88,-0.006695069993913573
31939,Wilson Blvd & N Oak St,38.895068,-77.07386,5182,5270,10452,-88,-0.008419441255262151
32049,WAU / Flower Ave & Division St,38.986743,-77.000035,1124,1212,2336,-88,-0.03767123287671233
31545,18th & Upshur St NE,38.941733,-76.980378,697,785,1482,-88,-0.059379217273954114
32414,Riggs Rd & East West Hwy,38.9725,-76.9807,287,375,662,-88,-0.13293051359516617
31956,Reed & Edison,38.83728,-77.060899,958,1051,2009,-93,-0.04629168740666999
31016,Clarendon Blvd & Pierce St,38.893438,-77.076389,5697,5791,11488,-94,-0.008182451253481894
31660,7th & K St NE,38.902594,-76.995141,7366,7461,14827,-95,-0.006407230053281176
31802,MLK & Marion Barry Ave SE,38.867373,-76.988039,1377,1472,2849,-95,-0.033345033345033345
31249,Jefferson Memorial,38.879819,-77.037413,16490,16587,33077,-97,-0.002932551319648094
31059,S Four Mile Run Dr & Walter Reed Dr,38.84736,-77.095431,1381,1478,2859,-97,-0.033927946834557535
31076,S Randolph St & Campbell Ave,38.84065400672152,-77.08865851163864,1108,1205,2313,-97,-0.041936878512753996
31500,4th & W St NE,38.919077,-77.000648,6608,6706,13314,-98,-0.007360672975814932
31013,Eads St & 22nd St S,38.85438051517749,-77.05341160297394,3267,3366,6633,-99,-0.014925373134328358
31087,Monroe Ave & Leslie Ave,38.820932,-77.053096,2008,2107,4115,-99,-0.024058323207776428
31966,Duke St & Jordan St,38.812187,-77.10994,395,494,889,-99,-0.11136107986501688
31601,19th & East Capitol St SE,38.8896,-76.9769,5775,5876,11651,-101,-0.00866878379538237
31005,Pentagon City Metro / 12th St & S Hayes St,38.862303,-77.059936,7103,7205,14308,-102,-0.00712887894883981
31057,S Four Mile Run Dr & Shirlington Rd,38.8444,-77.085931,1008,1111,2119,-103,-0.048607833883907506
32416,Chillum Rd & Riggs Rd / Riggs Plaza,38.961737,-76.995922,999,1103,2102,-104,-0.049476688867745006
31284,18th & C St NW,38.893511,-77.041544,4563,4668,9231,-105,-0.011374715632109197
31512,Neal St & Trinidad Ave NE,38.903732,-76.987211,5385,5491,10876,-106,-0.009746230231702832
31530,Capitol Ave & Kendall St NE,38.910993,-76.985854,1851,1957,3808,-106,-0.027836134453781514
31096,Columbia Pike & S Highland St,38.862398,-77.089133,1103,1209,2312,-106,-0.045847750865051905
31045,Commerce St & Fayette St,38.80563,-77.052925,1776,1883,3659,-107,-0.02924296255807598
31929,Mt Vernon Trail & S. Washington St.,38.7930647,-77.049436,3243,3351,6594,-108,-0.01637852593266606
31913,Commonwealth Ave & E Monroe Ave,38.82005823354218,-77.06282079219818,1230,1338,2568,-108,-0.04205607476635514
31635,Potomac Ave & 8th St SE,38.876737,-76.994468,5134,5243,10377,-109,-0.010503999229064276
32012,Silver Spring Metro / Colesville Rd & Wayne Ave,38.995256441231696,-77.02912420034409,1318,1428,2746,-110,-0.04005826656955572
31675,North Capitol & K St NE,38.90244372501735,-77.00824588537216,7203,7315,14518,-112,-0.007714561234329798
31633,Independence Ave & L'Enfant Plaza SW/DOE,38.887332,-77.026141,8338,8451,16789,-113,-0.00673059741497409
31077,Iwo Jima Memorial / Meade & 14th St N,38.88992,-77.071301,4800,4913,9713,-113,-0.011633892721095438
31271,Constitution Ave & 2nd St NW/DOL,38.892275,-77.013917,14557,14672,29229,-115,-0.003934448663998084
31524,Montello Ave & Holbrook Terr NE,38.907444,-76.986813,7611,7726,15337,-115,-0.0074982069505118345
31204,20th & E St NW,38.8963,-77.045,7282,7399,14681,-117,-0.007969484367549894
32270,Westbranch & Jones Branch Dr,38.931089,-77.220729,189,308,497,-119,-0.23943661971830985
31011,Crystal Dr & 23rd St S,38.852929,-77.049723,4252,4373,8625,-121,-0.014028985507246378
32036,Fenton St & Ellsworth Dr ,38.997033,-77.025608,1106,1228,2334,-122,-0.05227077977720651
31963,Holmes Run Pkwy & N Pickett St,38.814305,-77.11893,833,955,1788,-122,-0.06823266219239374
32235,Merrifield Cinema & Merrifield Town Center,38.870093,-77.22997,527,651,1178,-124,-0.10526315789473684
31517,Union Market,38.907908,-76.99707,11736,11861,23597,-125,-0.0052972835529940246
31719,Oklahoma Ave & Benning Rd NE,38.8974996,-76.9695094,1821,1955,3776,-134,-0.03548728813559322
32410,Queens Chapel & Hamilton St,38.9546,-76.9595,760,894,1654,-134,-0.08101571946795647
31712,Oklahoma Ave & D St NE,38.894474,-76.974828,4354,4489,8843,-135,-0.015266312337442044
31985,Canal Center Plaza & Fairfax St,38.81465868761216,-77.04014585740823,752,887,1639,-135,-0.08236729713239781
31958,S Washington St & Wilkes St,38.800703,-77.048043,538,674,1212,-136,-0.11221122112211221
31218,L'Enfant Plaza / 7th & C St SW,38.886266,-77.022241,10725,10862,21587,-137,-0.006346412192523278
31907,Franklin St & S Washington St,38.798133,-77.0487,1292,1429,2721,-137,-0.05034913634693128
31544,Michigan Ave & Allison St NE,38.945068,-76.978783,453,591,1044,-138,-0.13218390804597702
31960,Commonwealth and Reed,38.8368376462948,-77.05727398395538,2724,2864,5588,-140,-0.025053686471009307
31058,Columbia Pike & Monroe St,38.860343910937175,-77.09367156028748,1309,1449,2758,-140,-0.050761421319796954
31277,17th & G St NW,38.898301,-77.039643,14681,14823,29504,-142,-0.004812906724511931
31978,Arlington National Cemetery,38.884533,-77.065803,8386,8528,16914,-142,-0.008395412084663592
32059,Takoma Park Rec Center,38.98265,-76.988311,207,351,558,-144,-0.25806451612903225
31098,King St Metro North / Cameron St,38.80704,-77.059817,3398,3544,6942,-146,-0.021031403053874964
31251,12th & L St NW,38.903819,-77.0284,13809,13956,27765,-147,-0.005294435440302539
31294,7th & E St SW,38.88345,-77.021741,6007,6155,12162,-148,-0.012169051142904128
31521,18th & Monroe St NE,38.93293,-76.979517,1083,1232,2315,-149,-0.06436285097192225
31670,12th St & New York Ave NW,38.901104,-77.028061,10784,10939,21723,-155,-0.007135294388436219
31404,9th & Upshur St NW,38.9418,-77.0251,9166,9321,18487,-155,-0.008384270027586953
31805,Pennsylvania & Minnesota Ave SE,38.873057,-76.971015,993,1149,2142,-156,-0.07282913165266107
31118,3rd & Elm St NW,38.917622,-77.01597,12668,12830,25498,-162,-0.006353439485449839
31033,Barcroft Community Center,38.85033657788445,-77.1009886264801,1209,1372,2581,-163,-0.06315381635025184
31632,15th & F St NE,38.897195,-76.983575,8138,8303,16441,-165,-0.010035885895018552
31981,Columbia Pike & W&OD Trail ,38.856645,-77.109609,1773,1939,3712,-166,-0.0447198275862069
31678,4th & O St SW,38.872964,-77.017585,7096,7265,14361,-169,-0.01176798273100759
31097,Saint Asaph St & Madison St,38.812718,-77.044097,1364,1534,2898,-170,-0.05866114561766736
31615,6th & H St NE,38.899972,-76.998347,25281,25458,50739,-177,-0.0034884408443209367
31331,Arizona Ave & MacArthur Blvd NW,38.927294,-77.103662,1641,1819,3460,-178,-0.051445086705202314
31918,Madison St & Fairfax St,38.812351,-77.040691,1961,2140,4101,-179,-0.04364789075835162
31224,18th & L St NW,38.90374145091938,-77.04245209693909,11835,12017,23852,-182,-0.007630387388898206
31043,St Asaph & Pendleton St,38.81074147938705,-77.0446327328682,1621,1804,3425,-183,-0.05343065693430657
31257,22nd & I St NW / Foggy Bottom,38.90088,-77.048911,20415,20601,41016,-186,-0.004534815681685196
31658,Rosedale Rec Center,38.897808,-76.979634,3564,3750,7314,-186,-0.02543068088597211
33200,17th St & New York Ave NW,38.896604,-77.039778,5347,5538,10885,-191,-0.01754708314193845
33001,2nd & U St SW,38.866349,-77.01362,3394,3585,6979,-191,-0.02736781773893108
31056,S Troy St & 26th St S,38.847977,-77.075104,1859,2051,3910,-192,-0.049104859335038366
31968,King St & N Pitt St,38.8048011316311,-77.04467564821243,2444,2637,5081,-193,-0.03798464869120252
31645,6th & K St NE,38.90293157359119,-76.99840486049652,8955,9154,18109,-199,-0.01098901098901099
31060,S Arlington Mill Dr & Campbell Ave,38.84232,-77.089555,2298,2499,4797,-201,-0.041901188242651655
31263,10th & K St NW,38.9024,-77.02622,12846,13048,25894,-202,-0.007801034988800495
31219,10th St & Constitution Ave NW,38.893028,-77.026013,11778,11986,23764,-208,-0.0087527352297593
31006,Pentagon Row Plaza / Army Navy Dr & Joyce St,38.86331354301248,-77.06341624259947,5292,5503,10795,-211,-0.01954608615099583
31044,King St & Patrick St,38.805317,-77.049883,1740,1952,3692,-212,-0.05742145178764897
31940,Arlington Blvd & Fairfax Dr,38.88625606692058,-77.08426237106323,2967,3180,6147,-213,-0.03465104929233773
31402,14th St Heights / 14th & Crittenden St NW,38.947774,-77.032818,2815,3029,5844,-214,-0.03661875427789185
31903,Royal St & Wilkes St,38.799267,-77.0447,1411,1625,3036,-214,-0.07048748353096179
31662,1st & K St NE,38.902386,-77.005649,24688,24908,49596,-220,-0.004435841600129043
31239,Rhode Island & Connecticut Ave NW,38.905995699991145,-77.03980207443237,11109,11329,22438,-220,-0.009804795436313397
31068,Arlington Mill Cmty Center / Columbia Pike & S Dinwiddie St,38.856319,-77.11153,1766,1986,3752,-220,-0.05863539445628998
31002,Crystal Dr & 20th St S,38.856425,-77.049232,6099,6325,12424,-226,-0.018190598840952994
31801,Anacostia Metro,38.862601,-76.994578,1791,2022,3813,-231,-0.06058221872541306
31412,3rd St & Riggs Rd NE,38.957463,-77.002239,1940,2173,4113,-233,-0.05664964745927547
31203,14th St & Rhode Island Ave NW,38.9086,-77.0323,26878,27115,53993,-237,-0.004389457892689793
31668,1st St & Potomac Ave SE,38.871841,-77.00591,8818,9065,17883,-247,-0.013812000223676117
31931,N Pitt St & Montgomery St,38.81403111409755,-77.04281687736511,1524,1774,3298,-250,-0.07580351728320193
31642,New Jersey Ave & K St NW,38.90257109172293,-77.01366662979126,8435,8688,17123,-253,-0.014775448227530222
31604,3rd & H St NW,38.899408,-77.015289,14304,14558,28862,-254,-0.00880049892592336
32011,Maple & Ritchie Ave,38.983627,-77.006311,616,870,1486,-254,-0.17092866756393002
31321,15th St & Constitution Ave NW,38.892244,-77.033234,14131,14386,28517,-255,-0.008942034575867027
31509,New Jersey Ave & R St NW,38.912659,-77.017669,14243,14503,28746,-260,-0.009044736659013428
31403,5th & Kennedy St NW,38.95655554772196,-77.0198142528534,2771,3034,5805,-263,-0.04530577088716624
31261,Virginia Ave & C St NW,38.894112,-77.044334,3333,3600,6933,-267,-0.03851146689744699
31616,3rd & H St NE,38.900412,-77.001949,17027,17295,34322,-268,-0.007808402773731135
32226,20th & I St NW,38.90155,-77.045021,5989,6258,12247,-269,-0.02196456275006124
31416,14th St & Luzon Ave NW,38.969489,-77.033509,2253,2522,4775,-269,-0.05633507853403141
31202,14th & R St NW,38.913046,-77.032008,31733,32006,63739,-273,-0.004283091984499286
31200,Massachusetts Ave & Dupont Circle NW,38.9101,-77.0444,6335,6610,12945,-275,-0.021243723445345693
31055,28th St & S Meade St,38.846222,-77.069275,1834,2116,3950,-282,-0.07139240506329114
31266,11th & M St NW,38.9055785,-77.027313,24706,24989,49695,-283,-0.0056947379011973035
31074,TJ Cmty Ctr / 2nd St & S Old Glebe Rd,38.869418,-77.095596,2062,2347,4409,-285,-0.06464050805171241
31125,15th & W St NW,38.9190185,-77.034449,27807,28096,55903,-289,-0.005169668890757205
31933,Duke St & Strand (Robinson Terminal),38.801947,-77.040293,1195,1485,2680,-290,-0.10820895522388059
31656,Maryland Ave & 17th St NE,38.901935,-76.978627,5115,5407,10522,-292,-0.027751378065006653
31289,Henry Bacon Dr & Lincoln Memorial Circle NW,38.890539,-77.049383,17501,17801,35302,-300,-0.008498102090533114
31639,2nd & G St NE,38.89967,-77.003666,14509,14816,29325,-307,-0.010468883205456095
31264,6th St & Indiana Ave NW,38.894573,-77.01994,12223,12533,24756,-310,-0.012522216836322507
31664,Half & Water St SW,38.866277,-77.010551,4958,5269,10227,-311,-0.03040969981421727
31258,Lincoln Memorial,38.888255,-77.0494365,24652,24964,49616,-312,-0.006288294098677846
31672,10th & H St NE,38.899984,-76.992725,9261,9581,18842,-320,-0.01698333510243074
31503,Florida Ave & R St NW,38.9126,-77.0135,14563,14889,29452,-326,-0.011068857802526144
31540,3rd & N St NE,38.907073,-77.002109,12877,13208,26085,-331,-0.012689285029710562
31237,25th St & Pennsylvania Ave NW,38.903827,-77.053485,19982,20320,40302,-338,-0.008386680561758722
31235,19th St & Constitution Ave NW,38.89221235271478,-77.04307436943054,6618,6961,13579,-343,-0.025259592017085206
31531,MBT & Bryant St NE,38.92240364115446,-76.9960230588913,16243,16588,32831,-345,-0.01050836100027413
31600,5th & K St NW,38.902734,-77.019181,40450,40796,81246,-346,-0.004258671196120424
31330,17th & P St NW,38.909858,-77.038566,24403,24750,49153,-347,-0.007059589445201717
31680,Half & I St SW ,38.879262,-77.011016,9307,9654,18961,-347,-0.01830072253573124
31638,1st & H St NW,38.900358,-77.012108,8792,9143,17935,-351,-0.019570671870643992
31109,7th St & Florida Ave NW,38.91613684808331,-77.02200293540955,11599,11952,23551,-353,-0.014988747823871598
31628,1st & I St SE,38.878854378063295,-77.00572729110718,22439,22795,45234,-356,-0.007870186143166645
31611,13th & H St NE,38.90042673988099,-76.98825001716614,17432,17788,35220,-356,-0.010107893242475866
31272,Washington & Independence Ave SW/HHS,38.886978,-77.013769,11888,12244,24132,-356,-0.014752196253936681
31132,13th & U St NW,38.91693645323652,-77.0296311378479,19047,19411,38458,-364,-0.009464870768110666
31201,15th & P St NW,38.90980062655191,-77.03442692756653,40292,40660,80952,-368,-0.0045459037454293905
31217,USDA / 12th & C St SW,38.88627694506511,-77.02824175357819,6545,6927,13472,-382,-0.028355106888361046
31299,Connecticut Ave & R St NW,38.912644,-77.04564,16834,17228,34062,-394,-0.011567142269978275
31676,1st & Q St SW,38.87082393953792,-77.01191514730453,4469,4872,9341,-403,-0.043143132426935016
31211,Kennedy Center,38.897293,-77.05557,6274,6688,12962,-414,-0.031939515506866224
31275,New Hampshire Ave & 24th St NW,38.901755,-77.051084,16762,17180,33942,-418,-0.01231512580284014
31265,5th St & Massachusetts Ave NW,38.90093,-77.018677,18850,19272,38122,-422,-0.011069723519227742
31282,16th & R St NW,38.912652,-77.036278,15406,15830,31236,-424,-0.01357408118837239
31214,17th & Corcoran St NW,38.9121,-77.0387,27721,28147,55868,-426,-0.007625116345671941
31297,Virginia Ave & 25th St NW,38.89846038350939,-77.05305218696594,10890,11319,22209,-429,-0.019316493313521546
31617,Bladensburg Rd & Benning Rd NE,38.900413,-76.982872,2532,2964,5496,-432,-0.07860262008733625
31603,1st & M St NE,38.905697,-77.005483,34198,34632,68830,-434,-0.006305390091529856
31661,8th & H St NE,38.899941626884754,-76.99489653110504,11079,11542,22621,-463,-0.020467706997922285
31256,10th & E St NW,38.895914,-77.026064,8819,9283,18102,-464,-0.0256325267926196
31243,4th & C St SW,38.88637194054526,-77.01770067214966,15883,16352,32235,-469,-0.014549402823018458
31231,14th & D St NW / John A Wilson Building,38.894514,-77.031617,10783,11263,22046,-480,-0.021772657171368955
31654,King Greenleaf Rec Center,38.876211,-77.012443,3101,3586,6687,-485,-0.07252878719904292
32301,20th & N St NW ,38.907045,-77.044975,11442,11932,23374,-490,-0.020963463677590485
31244,4th & E St SW,38.88412,-77.017445,11220,11711,22931,-491,-0.021412062273777854
31281,8th & O St NW,38.90864,-77.02277,26550,27050,53600,-500,-0.009328358208955223
31140,21st & L St NW ,38.90394485,-77.046472073,5965,6477,12442,-512,-0.04115094036328565
31276,15th & L St NW,38.903967,-77.034602,11150,11678,22828,-528,-0.023129490099877345
31673,Waterfront Park,38.874820772513424,-77.0207878947258,3511,4042,7553,-531,-0.0703031907851185
31667,2nd & V St SW / James Creek Marina,38.863690615,-77.013930917,6556,7103,13659,-547,-0.040046855553115164
31042,Market Square / King St & Royal St,38.804718,-77.043363,3084,3636,6720,-552,-0.08214285714285714
31337,33rd St & Wisconsin Ave NW,38.912181,-77.066074,6636,7199,13835,-563,-0.04069389230213227
31248,Smithsonian-National Mall / Jefferson Dr & 12th St SW,38.888774,-77.028694,18541,19108,37649,-567,-0.015060160960450477
31245,7th & R St NW / Shaw Library,38.912719,-77.022155,17277,17848,35125,-571,-0.016256227758007117
31233,17th & K St NW / Farragut Square,38.902061,-77.038322,16236,16807,33043,-571,-0.01728051327058681
31669,3rd & M St SE,38.876903892,-77.001842976,7221,7795,15016,-574,-0.03822589238145978
31139,20th & M St NW ,38.905496,-77.044976,9039,9615,18654,-576,-0.03087809585075587
31253,19th & I St NW,38.901633245815496,-77.04338550567627,8270,8846,17116,-576,-0.03365272259873802
31327,14th & Q St NW,38.910674,-77.03188,19199,19785,38984,-586,-0.01503180792119844
31653,7th & K St NW,38.902674,-77.021392,18863,19462,38325,-599,-0.015629484670580562
31221,18th & M St NW,38.90506687455313,-77.04177886247635,13167,13786,26953,-619,-0.022965903609987758
31828,New Jersey Ave & H St SE,38.88076072595064,-77.00574070215225,16849,17470,34319,-621,-0.018094932836038347
31255,24th & N St NW,38.9066,-77.05152,8866,9493,18359,-627,-0.0341521869382864
31212,New Hampshire Ave & Ward Pl NW,38.90571079190728,-77.0473176240921,20262,20918,41180,-656,-0.015930063137445362
31015,Wilson Blvd & Ft Myer Dr,38.8946,-77.072305,3397,4057,7454,-660,-0.08854306412664341
31947,Rosslyn Metro / Wilson Blvd & N Moore St,38.896086906318665,-77.07145214080809,11343,12053,23396,-710,-0.030347067874850402
31295,Potomac & M St NW,38.905509,-77.065246,19325,20040,39365,-715,-0.01816334307125619
31648,Potomac Ave & Half St SW,38.86968314861632,-77.01081544160843,4837,5558,10395,-721,-0.06936026936026936
31624,North Capitol St & F St NW,38.897446,-77.009888,12032,12759,24791,-727,-0.029325158323585173
31234,20th & O St NW / Dupont South,38.908905,-77.04478,23313,24049,47362,-736,-0.015539884295426713
31627,M St & Delaware Ave NE,38.905690963097,-77.00320065021515,31634,32381,64015,-747,-0.011669140045301882
31278,18th & R St NW,38.912648,-77.041834,19033,19787,38820,-754,-0.01942297784647089
31634,3rd & Tingey St SE,38.87501,-77.0024,10360,11129,21489,-769,-0.03578575084927172
31041,Prince St & Union St,38.803124,-77.040363,3492,4278,7770,-786,-0.10115830115830116
31129,15th St & Pennsylvania Ave NW,38.89646474748647,-77.0333808660507,11407,12217,23624,-810,-0.03428716559431087
30201,9th & G St NW,38.898097,-77.023924,14663,15502,30165,-839,-0.027813691364163767
31250,20th & L St NW,38.903584,-77.044789,8625,9469,18094,-844,-0.04664529678346413
31312,Wisconsin Ave & O St NW,38.90849,-77.063586,17780,18626,36406,-846,-0.023237927814096577
31620,5th & F St NW,38.897222,-77.019347,8900,9747,18647,-847,-0.04542285622352121
31213,17th & K St NW,38.90276,-77.03863,21243,22101,43344,-858,-0.019795127353266887
31655,New Jersey Ave & F St NW,38.897108,-77.011616,17405,18271,35676,-866,-0.02427402175131741
31917,N Lynn St & Fairfax Dr,38.89386,-77.070862,4716,5585,10301,-869,-0.08436074167556548
31270,8th & D St NW,38.894851,-77.02324,9404,10324,19728,-920,-0.04663422546634226
31285,22nd & P ST NW,38.909394,-77.048728,17003,17942,34945,-939,-0.0268707969666619
31506,1st & Rhode Island Ave NW,38.915417,-77.012289,19479,20425,39904,-946,-0.023706896551724137
31674,Maine Ave & Water St SW,38.87674677186661,-77.02094480395317,8735,9689,18424,-954,-0.051780286582718195
31216,14th St & New York Ave NW,38.899632,-77.031686,8820,9779,18599,-959,-0.051561911930748966
31232,7th & F St NW / National Portrait Gallery,38.897324,-77.022216,14864,15831,30695,-967,-0.03150350219905522
31666,4th & G St SW,38.881116725009335,-77.01769933104515,15270,16247,31517,-977,-0.030999143319478378
31335,16th & K St NW/BLM Plaza,38.902677,-77.035866,7464,8458,15922,-994,-0.06242934304735586
31108,4th & M St SW,38.876941,-77.017807,23882,24883,48765,-1001,-0.02052701732800164
31238,14th & G St NW,38.89816396413188,-77.03189760446548,10573,11607,22180,-1034,-0.04661857529305681
31014,19th St N & Ft Myer Dr,38.897218,-77.072143,6646,7754,14400,-1108,-0.07694444444444444
31222,15th St & New York Ave NW,38.89903234416315,-77.03335404396057,11151,12274,23425,-1123,-0.04794023479188901
31652,4th & M St SE,38.876751,-77.000736,10626,11795,22421,-1169,-0.052138620043709026
31247,Jefferson Dr & 14th St SW,38.8885525,-77.032427,21770,22945,44715,-1175,-0.026277535502627753
31209,1st & N St SE,38.87502273556,-77.00575411319733,12432,13609,26041,-1177,-0.04519795706770093
31246,M St & Pennsylvania Ave NW,38.905126,-77.056887,7695,8877,16572,-1182,-0.07132512671976829
31208,M St & New Jersey Ave SE,38.8762192324865,-77.00416892766953,9091,10306,19397,-1215,-0.06263855235345672
33000,29th & M St NW,38.904916167,-77.058100462,8727,10007,18734,-1280,-0.06832497064161418
31128,23rd & M St NW,38.905303,-77.050264,20359,21678,42037,-1319,-0.031377120156053
31262,11th & F St NW,38.897857,-77.026975,8569,9974,18543,-1405,-0.07576983228172356
31227,13th St & New York Ave NW,38.900283,-77.029822,9649,11080,20729,-1431,-0.06903372087413769
31650,1st & M St SE,38.876893,-77.006072,12253,13735,25988,-1482,-0.05702631983992612
31609,Maine Ave & 7th St SW,38.87869359939696,-77.02305436134338,18369,19889,38258,-1520,-0.03973025249620994
31646,Maine Ave & 9th St SW,38.88044,-77.025236,17084,18770,35854,-1686,-0.04702404194789982
31314,34th & Water St NW,38.9037315,-77.0675285,6239,7964,14203,-1725,-0.12145321410969513
31230,Metro Center / 12th & G St NW,38.89832574246664,-77.02795878052711,14775,16542,31317,-1767,-0.056423029025768755
31274,10th & G St NW,38.89824328774852,-77.02623546123505,8396,10200,18596,-1804,-0.09701010970101097
30200,9th St & Pennsylvania Ave NW,38.89428,-77.023979,11064,13079,24143,-2015,-0.08346104460920349
31228,8th & H St NW,38.8997,-77.023086,22417,24625,47042,-2208,-0.04693677989881383
31293,Thomas Jefferson St NW & Water/K St NW,38.902826,-77.060173,9536,12021,21557,-2485,-0.1152757804889363
31215,Georgetown Harbor / 30th St NW,38.90226780126366,-77.05911666154861,12987,15959,28946,-2972,-0.10267394458647136
31225,Wisconsin Ave & K St NW,38.902801,-77.062819,15904,19605,35509,-3701,-0.10422709735559998
